"dt","yes","no"
2003-01-01,214,408
2003-01-02,164,247
2003-01-03,213,227
2003-01-04,144,203
2003-01-05,179,198
2003-01-06,199,201
2003-01-07,204,214
2003-01-08,260,268
2003-01-09,204,213
2003-01-10,0,244
2003-01-11,163,200
2003-01-12,122,202
2003-01-13,164,234
2003-01-14,197,209
2003-01-15,152,258
2003-01-16,167,239
2003-01-17,181,263
2003-01-18,151,201
2003-01-19,95,210
2003-01-20,187,227
2003-01-21,159,221
2003-01-22,231,227
2003-01-23,222,232
2003-01-24,191,275
2003-01-25,0,245
2003-01-26,134,207
2003-01-27,196,221
2003-01-28,196,249
2003-01-29,258,252
2003-01-30,202,214
2003-01-31,182,237
2003-02-01,159,278
2003-02-02,158,197
2003-02-03,187,237
2003-02-04,242,208
2003-02-05,187,219
2003-02-06,221,253
2003-02-07,237,269
2003-02-08,155,219
2003-02-09,143,217
2003-02-10,267,244
2003-02-11,193,234
2003-02-12,173,249
2003-02-13,183,251
2003-02-14,150,293
2003-02-15,137,229
2003-02-16,113,219
2003-02-17,0,230
2003-02-18,252,233
2003-02-19,214,251
2003-02-20,180,244
2003-02-21,146,271
2003-02-22,190,242
2003-02-23,141,225
2003-02-24,160,246
2003-02-25,191,248
2003-02-26,234,257
2003-02-27,212,231
2003-02-28,187,267
2003-03-01,184,287
2003-03-02,0,199
2003-03-03,163,230
2003-03-04,237,227
2003-03-05,167,251
2003-03-06,167,256
2003-03-07,193,300
2003-03-08,164,253
2003-03-09,146,213
2003-03-10,173,238
2003-03-11,196,265
2003-03-12,229,276
2003-03-13,175,252
2003-03-14,193,310
2003-03-15,137,281
2003-03-16,117,246
2003-03-17,145,266
2003-03-18,187,243
2003-03-19,146,193
2003-03-20,137,323
2003-03-21,113,289
2003-03-22,112,270
2003-03-23,61,262
2003-03-24,118,265
2003-03-25,142,268
2003-03-26,172,269
2003-03-27,222,247
2003-03-28,162,287
2003-03-29,147,287
2003-03-30,155,241
2003-03-31,158,227
2003-04-01,191,333
2003-04-02,189,255
2003-04-03,183,257
2003-04-04,189,298
2003-04-05,129,284
2003-04-06,122,221
2003-04-07,127,215
2003-04-08,189,262
2003-04-09,204,280
2003-04-10,180,296
2003-04-11,212,321
2003-04-12,124,239
2003-04-13,164,225
2003-04-14,201,258
2003-04-15,200,262
2003-04-16,141,232
2003-04-17,167,239
2003-04-18,158,284
2003-04-19,116,250
2003-04-20,133,236
2003-04-21,136,249
2003-04-22,170,253
2003-04-23,232,282
2003-04-24,204,207
2003-04-25,165,268
2003-04-26,212,243
2003-04-27,116,208
2003-04-28,142,257
2003-04-29,181,234
2003-04-30,184,232
2003-05-01,191,308
2003-05-02,193,255
2003-05-03,127,211
2003-05-04,144,197
2003-05-05,151,249
2003-05-06,230,204
2003-05-07,190,225
2003-05-08,206,246
2003-05-09,197,235
2003-05-10,115,258
2003-05-11,125,212
2003-05-12,165,277
2003-05-13,208,266
2003-05-14,222,242
2003-05-15,204,246
2003-05-16,184,262
2003-05-17,139,198
2003-05-18,138,238
2003-05-19,156,233
2003-05-20,192,219
2003-05-21,188,207
2003-05-22,177,251
2003-05-23,167,245
2003-05-24,159,227
2003-05-25,119,197
2003-05-26,138,216
2003-05-27,203,251
2003-05-28,124,249
2003-05-29,195,250
2003-05-30,146,249
2003-05-31,175,214
2003-06-01,150,292
2003-06-02,204,244
2003-06-03,168,239
2003-06-04,221,214
2003-06-05,204,219
2003-06-06,163,251
2003-06-07,131,208
2003-06-08,151,230
2003-06-09,173,233
2003-06-10,196,265
2003-06-11,166,225
2003-06-12,150,276
2003-06-13,197,242
2003-06-14,136,219
2003-06-15,129,191
2003-06-16,131,248
2003-06-17,0,228
2003-06-18,176,217
2003-06-19,154,245
2003-06-20,186,261
2003-06-21,160,219
2003-06-22,121,178
2003-06-23,161,243
2003-06-24,194,212
2003-06-25,184,244
2003-06-26,228,230
2003-06-27,145,246
2003-06-28,152,229
2003-06-29,124,220
2003-06-30,124,237
2003-07-01,211,311
2003-07-02,113,295
2003-07-03,170,309
2003-07-04,151,222
2003-07-05,144,201
2003-07-06,167,183
2003-07-07,146,249
2003-07-08,176,238
2003-07-09,160,241
2003-07-10,174,220
2003-07-11,183,267
2003-07-12,129,216
2003-07-13,138,220
2003-07-14,143,209
2003-07-15,185,257
2003-07-16,213,264
2003-07-17,194,239
2003-07-18,170,255
2003-07-19,218,261
2003-07-20,151,231
2003-07-21,158,265
2003-07-22,167,223
2003-07-23,171,251
2003-07-24,153,240
2003-07-25,174,256
2003-07-26,135,226
2003-07-27,139,188
2003-07-28,171,208
2003-07-29,159,225
2003-07-30,126,195
2003-07-31,133,192
2003-08-01,167,309
2003-08-02,171,217
2003-08-03,159,204
2003-08-04,150,236
2003-08-05,180,213
2003-08-06,175,243
2003-08-07,214,244
2003-08-08,151,244
2003-08-09,144,254
2003-08-10,129,255
2003-08-11,187,232
2003-08-12,198,228
2003-08-13,189,264
2003-08-14,187,258
2003-08-15,206,269
2003-08-16,143,234
2003-08-17,0,221
2003-08-18,156,216
2003-08-19,215,210
2003-08-20,187,269
2003-08-21,207,247
2003-08-22,200,279
2003-08-23,150,251
2003-08-24,133,248
2003-08-25,169,227
2003-08-26,177,241
2003-08-27,206,245
2003-08-28,221,250
2003-08-29,150,247
2003-08-30,199,233
2003-08-31,158,226
2003-09-01,177,246
2003-09-02,136,253
2003-09-03,179,205
2003-09-04,188,181
2003-09-05,182,288
2003-09-06,180,239
2003-09-07,150,235
2003-09-08,174,214
2003-09-09,190,245
2003-09-10,217,233
2003-09-11,241,257
2003-09-12,205,254
2003-09-13,182,244
2003-09-14,148,218
2003-09-15,172,257
2003-09-16,231,221
2003-09-17,177,238
2003-09-18,202,268
2003-09-19,178,266
2003-09-20,167,253
2003-09-21,174,221
2003-09-22,185,259
2003-09-23,252,249
2003-09-24,252,225
2003-09-25,182,217
2003-09-26,216,269
2003-09-27,170,245
2003-09-28,118,233
2003-09-29,175,240
2003-09-30,195,230
2003-10-01,209,312
2003-10-02,224,223
2003-10-03,213,246
2003-10-04,144,210
2003-10-05,137,236
2003-10-06,158,232
2003-10-07,224,244
2003-10-08,219,228
2003-10-09,155,233
2003-10-10,123,269
2003-10-11,194,204
2003-10-12,161,212
2003-10-13,184,226
2003-10-14,221,221
2003-10-15,0,231
2003-10-16,217,267
2003-10-17,169,271
2003-10-18,146,223
2003-10-19,145,212
2003-10-20,173,263
2003-10-21,221,250
2003-10-22,232,245
2003-10-23,0,243
2003-10-24,151,296
2003-10-25,114,241
2003-10-26,139,198
2003-10-27,150,225
2003-10-28,199,260
2003-10-29,193,214
2003-10-30,178,270
2003-10-31,157,326
2003-11-01,194,314
2003-11-02,138,207
2003-11-03,193,247
2003-11-04,171,240
2003-11-05,0,243
2003-11-06,129,251
2003-11-07,152,268
2003-11-08,142,227
2003-11-09,135,239
2003-11-10,176,233
2003-11-11,178,198
2003-11-12,198,222
2003-11-13,177,251
2003-11-14,168,281
2003-11-15,137,272
2003-11-16,118,201
2003-11-17,188,239
2003-11-18,205,227
2003-11-19,203,217
2003-11-20,170,233
2003-11-21,180,242
2003-11-22,206,202
2003-11-23,101,237
2003-11-24,118,233
2003-11-25,178,219
2003-11-26,215,243
2003-11-27,158,158
2003-11-28,160,195
2003-11-29,162,202
2003-11-30,126,164
2003-12-01,163,269
2003-12-02,181,214
2003-12-03,168,218
2003-12-04,173,222
2003-12-05,179,244
2003-12-06,135,210
2003-12-07,115,174
2003-12-08,172,213
2003-12-09,157,200
2003-12-10,160,205
2003-12-11,165,244
2003-12-12,160,233
2003-12-13,109,213
2003-12-14,120,202
2003-12-15,189,212
2003-12-16,199,243
2003-12-17,161,206
2003-12-18,162,229
2003-12-19,0,234
2003-12-20,114,251
2003-12-21,0,235
2003-12-22,173,219
2003-12-23,137,209
2003-12-24,64,223
2003-12-25,61,173
2003-12-26,111,173
2003-12-27,120,201
2003-12-28,0,190
2003-12-29,121,195
2003-12-30,154,218
2003-12-31,112,211
2004-01-01,152,307
2004-01-02,168,180
2004-01-03,157,197
2004-01-04,156,195
2004-01-05,178,251
2004-01-06,181,209
2004-01-07,193,252
2004-01-08,197,220
2004-01-09,162,238
2004-01-10,0,264
2004-01-11,115,224
2004-01-12,180,245
2004-01-13,222,231
2004-01-14,196,258
2004-01-15,222,221
2004-01-16,179,285
2004-01-17,158,239
2004-01-18,165,195
2004-01-19,194,229
2004-01-20,200,220
2004-01-21,245,217
2004-01-22,208,231
2004-01-23,241,248
2004-01-24,240,219
2004-01-25,179,226
2004-01-26,161,254
2004-01-27,188,238
2004-01-28,241,212
2004-01-29,216,247
2004-01-30,216,259
2004-01-31,158,250
2004-02-01,134,236
2004-02-02,136,237
2004-02-03,223,241
2004-02-04,201,215
2004-02-05,187,218
2004-02-06,190,295
2004-02-07,177,230
2004-02-08,105,234
2004-02-09,194,236
2004-02-10,174,258
2004-02-11,0,233
2004-02-12,190,283
2004-02-13,180,257
2004-02-14,0,276
2004-02-15,177,236
2004-02-16,126,206
2004-02-17,176,217
2004-02-18,183,223
2004-02-19,197,236
2004-02-20,191,261
2004-02-21,152,215
2004-02-22,160,194
2004-02-23,241,256
2004-02-24,199,221
2004-02-25,151,219
2004-02-26,163,226
2004-02-27,201,258
2004-02-28,165,240
2004-02-29,187,202
2004-03-01,146,310
2004-03-02,215,260
2004-03-03,230,245
2004-03-04,215,247
2004-03-05,183,310
2004-03-06,160,253
2004-03-07,159,201
2004-03-08,145,247
2004-03-09,230,263
2004-03-10,0,269
2004-03-11,203,255
2004-03-12,182,291
2004-03-13,137,241
2004-03-14,99,198
2004-03-15,122,227
2004-03-16,245,251
2004-03-17,156,281
2004-03-18,161,247
2004-03-19,139,277
2004-03-20,143,265
2004-03-21,159,213
2004-03-22,121,266
2004-03-23,222,233
2004-03-24,196,251
2004-03-25,152,236
2004-03-26,139,278
2004-03-27,168,233
2004-03-28,172,233
2004-03-29,182,204
2004-03-30,201,231
2004-03-31,182,242
2004-04-01,227,336
2004-04-02,256,251
2004-04-03,148,246
2004-04-04,0,213
2004-04-05,175,243
2004-04-06,153,249
2004-04-07,198,211
2004-04-08,191,238
2004-04-09,134,309
2004-04-10,124,247
2004-04-11,118,213
2004-04-12,140,267
2004-04-13,159,211
2004-04-14,173,245
2004-04-15,153,259
2004-04-16,180,282
2004-04-17,224,276
2004-04-18,165,224
2004-04-19,177,236
2004-04-20,181,220
2004-04-21,142,226
2004-04-22,131,233
2004-04-23,193,312
2004-04-24,254,239
2004-04-25,182,248
2004-04-26,168,247
2004-04-27,198,274
2004-04-28,193,228
2004-04-29,194,247
2004-04-30,171,255
2004-05-01,171,311
2004-05-02,111,271
2004-05-03,153,240
2004-05-04,183,249
2004-05-05,173,260
2004-05-06,181,268
2004-05-07,196,279
2004-05-08,169,242
2004-05-09,148,236
2004-05-10,0,232
2004-05-11,241,217
2004-05-12,208,245
2004-05-13,188,228
2004-05-14,169,261
2004-05-15,150,268
2004-05-16,116,274
2004-05-17,147,253
2004-05-18,225,261
2004-05-19,230,235
2004-05-20,201,237
2004-05-21,182,276
2004-05-22,206,278
2004-05-23,138,246
2004-05-24,176,236
2004-05-25,185,262
2004-05-26,245,239
2004-05-27,0,228
2004-05-28,223,251
2004-05-29,165,217
2004-05-30,171,258
2004-05-31,167,236
2004-06-01,155,313
2004-06-02,231,254
2004-06-03,172,229
2004-06-04,214,236
2004-06-05,151,253
2004-06-06,107,187
2004-06-07,104,242
2004-06-08,229,254
2004-06-09,145,266
2004-06-10,167,264
2004-06-11,135,240
2004-06-12,128,298
2004-06-13,0,230
2004-06-14,145,284
2004-06-15,142,276
2004-06-16,138,217
2004-06-17,139,235
2004-06-18,205,251
2004-06-19,220,241
2004-06-20,130,245
2004-06-21,0,237
2004-06-22,154,218
2004-06-23,183,216
2004-06-24,162,259
2004-06-25,212,241
2004-06-26,125,233
2004-06-27,121,299
2004-06-28,164,265
2004-06-29,175,240
2004-06-30,130,252
2004-07-01,150,313
2004-07-02,145,276
2004-07-03,171,244
2004-07-04,158,273
2004-07-05,144,226
2004-07-06,159,285
2004-07-07,172,270
2004-07-08,209,254
2004-07-09,147,249
2004-07-10,191,221
2004-07-11,128,210
2004-07-12,157,220
2004-07-13,235,225
2004-07-14,162,255
2004-07-15,140,255
2004-07-16,169,281
2004-07-17,137,236
2004-07-18,141,247
2004-07-19,170,261
2004-07-20,135,225
2004-07-21,153,245
2004-07-22,168,239
2004-07-23,180,262
2004-07-24,158,256
2004-07-25,133,229
2004-07-26,154,239
2004-07-27,156,254
2004-07-28,171,236
2004-07-29,136,232
2004-07-30,0,264
2004-07-31,115,205
2004-08-01,137,271
2004-08-02,148,267
2004-08-03,216,238
2004-08-04,192,221
2004-08-05,149,240
2004-08-06,152,278
2004-08-07,149,243
2004-08-08,125,185
2004-08-09,0,209
2004-08-10,172,265
2004-08-11,160,251
2004-08-12,150,269
2004-08-13,129,290
2004-08-14,128,228
2004-08-15,120,233
2004-08-16,160,276
2004-08-17,132,235
2004-08-18,217,256
2004-08-19,175,269
2004-08-20,148,283
2004-08-21,134,261
2004-08-22,129,231
2004-08-23,165,238
2004-08-24,176,225
2004-08-25,170,226
2004-08-26,182,257
2004-08-27,161,271
2004-08-28,170,267
2004-08-29,130,242
2004-08-30,132,216
2004-08-31,145,237
2004-09-01,214,311
2004-09-02,138,237
2004-09-03,133,269
2004-09-04,141,245
2004-09-05,111,228
2004-09-06,104,200
2004-09-07,136,261
2004-09-08,151,238
2004-09-09,146,264
2004-09-10,139,249
2004-09-11,113,245
2004-09-12,118,253
2004-09-13,141,226
2004-09-14,166,227
2004-09-15,173,265
2004-09-16,198,241
2004-09-17,155,291
2004-09-18,106,259
2004-09-19,93,200
2004-09-20,125,225
2004-09-21,131,241
2004-09-22,125,258
2004-09-23,166,306
2004-09-24,168,271
2004-09-25,186,262
2004-09-26,121,232
2004-09-27,185,211
2004-09-28,149,254
2004-09-29,198,231
2004-09-30,140,225
2004-10-01,137,334
2004-10-02,107,216
2004-10-03,96,247
2004-10-04,170,234
2004-10-05,121,194
2004-10-06,198,265
2004-10-07,170,204
2004-10-08,163,279
2004-10-09,112,261
2004-10-10,116,242
2004-10-11,160,200
2004-10-12,153,238
2004-10-13,188,243
2004-10-14,0,271
2004-10-15,146,308
2004-10-16,0,260
2004-10-17,113,205
2004-10-18,0,257
2004-10-19,125,271
2004-10-20,159,258
2004-10-21,154,252
2004-10-22,160,265
2004-10-23,138,244
2004-10-24,158,213
2004-10-25,128,233
2004-10-26,146,219
2004-10-27,164,234
2004-10-28,163,248
2004-10-29,188,276
2004-10-30,110,262
2004-10-31,120,327
2004-11-01,161,296
2004-11-02,185,227
2004-11-03,111,242
2004-11-04,117,218
2004-11-05,145,273
2004-11-06,137,238
2004-11-07,116,242
2004-11-08,132,246
2004-11-09,107,195
2004-11-10,139,224
2004-11-11,145,236
2004-11-12,149,287
2004-11-13,124,256
2004-11-14,96,263
2004-11-15,116,248
2004-11-16,153,245
2004-11-17,119,210
2004-11-18,108,248
2004-11-19,127,288
2004-11-20,102,260
2004-11-21,101,244
2004-11-22,133,245
2004-11-23,142,230
2004-11-24,119,254
2004-11-25,89,182
2004-11-26,0,233
2004-11-27,113,229
2004-11-28,0,214
2004-11-29,178,229
2004-11-30,153,201
2004-12-01,179,292
2004-12-02,155,241
2004-12-03,125,273
2004-12-04,91,284
2004-12-05,88,255
2004-12-06,96,232
2004-12-07,107,266
2004-12-08,110,237
2004-12-09,123,240
2004-12-10,180,262
2004-12-11,102,247
2004-12-12,77,254
2004-12-13,145,255
2004-12-14,174,255
2004-12-15,201,294
2004-12-16,0,264
2004-12-17,148,271
2004-12-18,131,221
2004-12-19,107,248
2004-12-20,145,241
2004-12-21,145,233
2004-12-22,145,267
2004-12-23,0,240
2004-12-24,106,225
2004-12-25,68,164
2004-12-26,96,177
2004-12-27,90,177
2004-12-28,117,258
2004-12-29,0,248
2004-12-30,115,213
2004-12-31,0,309
2005-01-01,162,384
2005-01-02,97,207
2005-01-03,0,205
2005-01-04,137,241
2005-01-05,167,235
2005-01-06,156,255
2005-01-07,110,271
2005-01-08,102,241
2005-01-09,137,224
2005-01-10,134,239
2005-01-11,201,265
2005-01-12,181,267
2005-01-13,180,235
2005-01-14,173,265
2005-01-15,154,275
2005-01-16,144,221
2005-01-17,121,221
2005-01-18,175,248
2005-01-19,177,281
2005-01-20,136,273
2005-01-21,143,303
2005-01-22,120,269
2005-01-23,116,242
2005-01-24,138,222
2005-01-25,139,243
2005-01-26,154,240
2005-01-27,160,262
2005-01-28,141,284
2005-01-29,114,263
2005-01-30,136,239
2005-01-31,144,254
2005-02-01,207,335
2005-02-02,174,254
2005-02-03,183,218
2005-02-04,167,307
2005-02-05,129,237
2005-02-06,0,196
2005-02-07,134,200
2005-02-08,166,257
2005-02-09,176,222
2005-02-10,136,233
2005-02-11,172,257
2005-02-12,121,237
2005-02-13,125,198
2005-02-14,95,254
2005-02-15,130,226
2005-02-16,179,256
2005-02-17,167,244
2005-02-18,136,240
2005-02-19,104,182
2005-02-20,105,226
2005-02-21,134,191
2005-02-22,164,232
2005-02-23,170,231
2005-02-24,156,240
2005-02-25,154,290
2005-02-26,141,227
2005-02-27,111,177
2005-02-28,153,224
2005-03-01,158,286
2005-03-02,225,210
2005-03-03,218,241
2005-03-04,150,234
2005-03-05,165,268
2005-03-06,133,187
2005-03-07,140,209
2005-03-08,151,235
2005-03-09,192,235
2005-03-10,184,252
2005-03-11,145,230
2005-03-12,158,239
2005-03-13,132,235
2005-03-14,116,211
2005-03-15,153,277
2005-03-16,167,232
2005-03-17,153,260
2005-03-18,116,290
2005-03-19,92,268
2005-03-20,133,237
2005-03-21,129,267
2005-03-22,138,243
2005-03-23,173,264
2005-03-24,156,243
2005-03-25,174,228
2005-03-26,119,256
2005-03-27,96,225
2005-03-28,129,254
2005-03-29,161,243
2005-03-30,171,250
2005-03-31,143,210
2005-04-01,157,283
2005-04-02,129,250
2005-04-03,134,192
2005-04-04,166,239
2005-04-05,167,250
2005-04-06,201,255
2005-04-07,165,251
2005-04-08,116,274
2005-04-09,133,281
2005-04-10,80,233
2005-04-11,171,263
2005-04-12,165,250
2005-04-13,177,262
2005-04-14,157,250
2005-04-15,149,292
2005-04-16,105,238
2005-04-17,106,214
2005-04-18,160,233
2005-04-19,140,222
2005-04-20,160,234
2005-04-21,181,245
2005-04-22,154,289
2005-04-23,147,247
2005-04-24,133,230
2005-04-25,186,231
2005-04-26,186,214
2005-04-27,144,267
2005-04-28,202,252
2005-04-29,169,248
2005-04-30,132,240
2005-05-01,127,276
2005-05-02,130,252
2005-05-03,122,234
2005-05-04,164,234
2005-05-05,151,260
2005-05-06,120,302
2005-05-07,153,260
2005-05-08,128,261
2005-05-09,113,227
2005-05-10,148,249
2005-05-11,187,240
2005-05-12,170,243
2005-05-13,149,270
2005-05-14,129,249
2005-05-15,111,263
2005-05-16,159,263
2005-05-17,129,240
2005-05-18,130,261
2005-05-19,148,299
2005-05-20,157,281
2005-05-21,133,307
2005-05-22,110,240
2005-05-23,119,224
2005-05-24,119,251
2005-05-25,170,280
2005-05-26,131,222
2005-05-27,116,337
2005-05-28,135,237
2005-05-29,144,240
2005-05-30,165,246
2005-05-31,159,228
2005-06-01,149,355
2005-06-02,149,240
2005-06-03,165,265
2005-06-04,103,259
2005-06-05,88,227
2005-06-06,106,222
2005-06-07,137,235
2005-06-08,107,259
2005-06-09,123,257
2005-06-10,159,303
2005-06-11,120,237
2005-06-12,100,267
2005-06-13,126,225
2005-06-14,144,234
2005-06-15,137,209
2005-06-16,140,208
2005-06-17,151,256
2005-06-18,135,264
2005-06-19,81,252
2005-06-20,155,233
2005-06-21,129,230
2005-06-22,165,227
2005-06-23,210,223
2005-06-24,163,260
2005-06-25,168,243
2005-06-26,169,290
2005-06-27,150,228
2005-06-28,188,269
2005-06-29,148,201
2005-06-30,111,277
2005-07-01,169,354
2005-07-02,127,235
2005-07-03,120,198
2005-07-04,141,246
2005-07-05,154,287
2005-07-06,173,194
2005-07-07,149,219
2005-07-08,145,254
2005-07-09,134,254
2005-07-10,108,254
2005-07-11,151,204
2005-07-12,127,242
2005-07-13,163,246
2005-07-14,168,250
2005-07-15,120,306
2005-07-16,123,249
2005-07-17,104,219
2005-07-18,95,269
2005-07-19,121,241
2005-07-20,126,248
2005-07-21,125,253
2005-07-22,150,311
2005-07-23,0,281
2005-07-24,87,239
2005-07-25,130,234
2005-07-26,139,227
2005-07-27,148,258
2005-07-28,127,256
2005-07-29,120,247
2005-07-30,130,277
2005-07-31,120,224
2005-08-01,180,294
2005-08-02,135,228
2005-08-03,172,248
2005-08-04,137,265
2005-08-05,155,307
2005-08-06,123,258
2005-08-07,140,234
2005-08-08,119,239
2005-08-09,160,235
2005-08-10,175,252
2005-08-11,139,243
2005-08-12,137,270
2005-08-13,107,270
2005-08-14,138,195
2005-08-15,163,218
2005-08-16,122,229
2005-08-17,130,247
2005-08-18,153,226
2005-08-19,142,256
2005-08-20,110,278
2005-08-21,124,225
2005-08-22,137,261
2005-08-23,154,274
2005-08-24,149,237
2005-08-25,128,237
2005-08-26,140,316
2005-08-27,132,268
2005-08-28,90,226
2005-08-29,103,285
2005-08-30,157,236
2005-08-31,181,252
2005-09-01,150,290
2005-09-02,178,261
2005-09-03,109,262
2005-09-04,80,224
2005-09-05,138,194
2005-09-06,157,177
2005-09-07,193,199
2005-09-08,187,239
2005-09-09,144,273
2005-09-10,99,286
2005-09-11,73,232
2005-09-12,128,244
2005-09-13,0,240
2005-09-14,157,216
2005-09-15,147,259
2005-09-16,157,284
2005-09-17,107,262
2005-09-18,111,235
2005-09-19,161,226
2005-09-20,179,198
2005-09-21,191,237
2005-09-22,0,261
2005-09-23,0,288
2005-09-24,112,240
2005-09-25,151,264
2005-09-26,136,228
2005-09-27,140,287
2005-09-28,145,248
2005-09-29,152,245
2005-09-30,157,285
2005-10-01,138,360
2005-10-02,127,264
2005-10-03,151,277
2005-10-04,215,220
2005-10-05,192,232
2005-10-06,175,265
2005-10-07,169,293
2005-10-08,151,250
2005-10-09,133,261
2005-10-10,119,224
2005-10-11,153,252
2005-10-12,180,244
2005-10-13,153,247
2005-10-14,152,273
2005-10-15,103,287
2005-10-16,124,231
2005-10-17,187,253
2005-10-18,188,210
2005-10-19,177,254
2005-10-20,191,252
2005-10-21,194,238
2005-10-22,130,242
2005-10-23,105,218
2005-10-24,187,256
2005-10-25,160,264
2005-10-26,0,230
2005-10-27,152,230
2005-10-28,138,303
2005-10-29,111,230
2005-10-30,126,255
2005-10-31,135,334
2005-11-01,150,311
2005-11-02,182,245
2005-11-03,188,264
2005-11-04,184,266
2005-11-05,130,250
2005-11-06,97,236
2005-11-07,100,228
2005-11-08,136,212
2005-11-09,170,250
2005-11-10,175,239
2005-11-11,149,265
2005-11-12,147,243
2005-11-13,114,246
2005-11-14,136,253
2005-11-15,145,271
2005-11-16,130,296
2005-11-17,160,244
2005-11-18,169,248
2005-11-19,124,236
2005-11-20,135,244
2005-11-21,166,211
2005-11-22,148,238
2005-11-23,140,253
2005-11-24,118,191
2005-11-25,123,228
2005-11-26,175,223
2005-11-27,105,179
2005-11-28,0,224
2005-11-29,124,229
2005-11-30,189,253
2005-12-01,159,270
2005-12-02,147,214
2005-12-03,129,207
2005-12-04,0,219
2005-12-05,144,209
2005-12-06,133,184
2005-12-07,141,207
2005-12-08,136,233
2005-12-09,154,229
2005-12-10,158,233
2005-12-11,116,169
2005-12-12,137,225
2005-12-13,122,218
2005-12-14,172,199
2005-12-15,126,268
2005-12-16,172,259
2005-12-17,83,237
2005-12-18,115,193
2005-12-19,103,215
2005-12-20,125,221
2005-12-21,116,236
2005-12-22,120,227
2005-12-23,127,280
2005-12-24,86,271
2005-12-25,62,161
2005-12-26,0,202
2005-12-27,134,234
2005-12-28,160,227
2005-12-29,167,232
2005-12-30,152,229
2005-12-31,0,254
2006-01-01,167,454
2006-01-02,0,164
2006-01-03,0,189
2006-01-04,157,216
2006-01-05,193,227
2006-01-06,187,265
2006-01-07,157,241
2006-01-08,144,204
2006-01-09,129,251
2006-01-10,149,237
2006-01-11,181,226
2006-01-12,0,238
2006-01-13,170,255
2006-01-14,104,233
2006-01-15,119,230
2006-01-16,103,180
2006-01-17,140,229
2006-01-18,168,204
2006-01-19,191,222
2006-01-20,192,231
2006-01-21,186,203
2006-01-22,139,219
2006-01-23,202,219
2006-01-24,149,209
2006-01-25,177,241
2006-01-26,164,222
2006-01-27,118,262
2006-01-28,123,166
2006-01-29,130,211
2006-01-30,134,199
2006-01-31,144,230
2006-02-01,147,278
2006-02-02,149,222
2006-02-03,196,263
2006-02-04,194,196
2006-02-05,138,188
2006-02-06,157,220
2006-02-07,169,212
2006-02-08,199,273
2006-02-09,130,239
2006-02-10,0,254
2006-02-11,119,248
2006-02-12,149,236
2006-02-13,129,238
2006-02-14,187,229
2006-02-15,138,231
2006-02-16,128,222
2006-02-17,166,229
2006-02-18,115,226
2006-02-19,111,233
2006-02-20,141,263
2006-02-21,150,227
2006-02-22,183,215
2006-02-23,154,232
2006-02-24,165,288
2006-02-25,154,233
2006-02-26,130,211
2006-02-27,125,209
2006-02-28,131,217
2006-03-01,182,256
2006-03-02,112,221
2006-03-03,136,234
2006-03-04,147,216
2006-03-05,89,197
2006-03-06,153,226
2006-03-07,154,177
2006-03-08,214,237
2006-03-09,197,236
2006-03-10,169,231
2006-03-11,0,207
2006-03-12,90,203
2006-03-13,128,229
2006-03-14,162,190
2006-03-15,193,221
2006-03-16,163,225
2006-03-17,169,283
2006-03-18,131,242
2006-03-19,122,242
2006-03-20,149,210
2006-03-21,211,220
2006-03-22,176,228
2006-03-23,187,216
2006-03-24,156,271
2006-03-25,140,259
2006-03-26,142,223
2006-03-27,102,231
2006-03-28,134,220
2006-03-29,136,231
2006-03-30,130,217
2006-03-31,134,233
2006-04-01,169,256
2006-04-02,143,220
2006-04-03,151,219
2006-04-04,167,249
2006-04-05,195,222
2006-04-06,161,255
2006-04-07,194,236
2006-04-08,123,248
2006-04-09,133,219
2006-04-10,124,242
2006-04-11,123,240
2006-04-12,134,212
2006-04-13,129,228
2006-04-14,114,258
2006-04-15,151,254
2006-04-16,119,203
2006-04-17,145,209
2006-04-18,188,223
2006-04-19,170,248
2006-04-20,154,244
2006-04-21,156,245
2006-04-22,138,261
2006-04-23,130,241
2006-04-24,125,217
2006-04-25,217,249
2006-04-26,173,233
2006-04-27,150,255
2006-04-28,123,280
2006-04-29,127,241
2006-04-30,131,199
2006-05-01,136,293
2006-05-02,117,210
2006-05-03,157,198
2006-05-04,95,208
2006-05-05,122,222
2006-05-06,120,226
2006-05-07,103,207
2006-05-08,0,233
2006-05-09,141,209
2006-05-10,152,263
2006-05-11,141,201
2006-05-12,123,287
2006-05-13,125,230
2006-05-14,0,234
2006-05-15,177,232
2006-05-16,0,235
2006-05-17,107,242
2006-05-18,132,226
2006-05-19,154,272
2006-05-20,158,251
2006-05-21,133,225
2006-05-22,136,250
2006-05-23,145,207
2006-05-24,167,218
2006-05-25,166,258
2006-05-26,160,282
2006-05-27,121,238
2006-05-28,133,232
2006-05-29,159,217
2006-05-30,132,210
2006-05-31,123,220
2006-06-01,181,300
2006-06-02,124,254
2006-06-03,136,220
2006-06-04,196,210
2006-06-05,145,218
2006-06-06,168,238
2006-06-07,191,248
2006-06-08,150,208
2006-06-09,167,238
2006-06-10,139,247
2006-06-11,112,229
2006-06-12,0,223
2006-06-13,159,242
2006-06-14,150,268
2006-06-15,160,253
2006-06-16,165,265
2006-06-17,174,256
2006-06-18,134,229
2006-06-19,0,230
2006-06-20,163,249
2006-06-21,148,202
2006-06-22,129,223
2006-06-23,138,252
2006-06-24,125,234
2006-06-25,111,234
2006-06-26,158,230
2006-06-27,145,251
2006-06-28,133,256
2006-06-29,149,230
2006-06-30,0,258
2006-07-01,186,307
2006-07-02,136,212
2006-07-03,115,211
2006-07-04,149,201
2006-07-05,174,201
2006-07-06,134,195
2006-07-07,163,267
2006-07-08,108,234
2006-07-09,116,191
2006-07-10,147,218
2006-07-11,126,245
2006-07-12,149,219
2006-07-13,150,239
2006-07-14,0,271
2006-07-15,130,256
2006-07-16,158,220
2006-07-17,99,242
2006-07-18,139,237
2006-07-19,164,227
2006-07-20,108,262
2006-07-21,126,269
2006-07-22,129,272
2006-07-23,90,228
2006-07-24,129,229
2006-07-25,125,265
2006-07-26,158,259
2006-07-27,145,233
2006-07-28,134,301
2006-07-29,0,259
2006-07-30,129,226
2006-07-31,170,226
2006-08-01,160,321
2006-08-02,99,235
2006-08-03,200,244
2006-08-04,205,263
2006-08-05,141,220
2006-08-06,124,265
2006-08-07,122,248
2006-08-08,204,233
2006-08-09,187,242
2006-08-10,153,232
2006-08-11,181,264
2006-08-12,132,231
2006-08-13,148,229
2006-08-14,172,237
2006-08-15,184,275
2006-08-16,232,255
2006-08-17,201,266
2006-08-18,0,247
2006-08-19,141,245
2006-08-20,148,226
2006-08-21,178,189
2006-08-22,162,232
2006-08-23,187,250
2006-08-24,155,237
2006-08-25,0,278
2006-08-26,126,257
2006-08-27,135,190
2006-08-28,146,218
2006-08-29,163,198
2006-08-30,224,207
2006-08-31,137,224
2006-09-01,143,339
2006-09-02,145,238
2006-09-03,117,193
2006-09-04,160,220
2006-09-05,132,226
2006-09-06,131,232
2006-09-07,140,221
2006-09-08,142,259
2006-09-09,138,256
2006-09-10,0,235
2006-09-11,161,241
2006-09-12,174,229
2006-09-13,144,271
2006-09-14,0,269
2006-09-15,141,251
2006-09-16,113,280
2006-09-17,106,252
2006-09-18,90,247
2006-09-19,151,247
2006-09-20,150,257
2006-09-21,159,263
2006-09-22,178,241
2006-09-23,133,241
2006-09-24,89,236
2006-09-25,105,221
2006-09-26,119,237
2006-09-27,127,219
2006-09-28,132,228
2006-09-29,172,257
2006-09-30,140,206
2006-10-01,129,299
2006-10-02,198,259
2006-10-03,158,222
2006-10-04,0,197
2006-10-05,142,217
2006-10-06,229,262
2006-10-07,124,248
2006-10-08,112,207
2006-10-09,109,215
2006-10-10,149,237
2006-10-11,148,247
2006-10-12,154,244
2006-10-13,146,243
2006-10-14,138,223
2006-10-15,111,235
2006-10-16,160,250
2006-10-17,154,234
2006-10-18,152,212
2006-10-19,157,194
2006-10-20,168,252
2006-10-21,140,205
2006-10-22,114,212
2006-10-23,120,217
2006-10-24,152,239
2006-10-25,157,260
2006-10-26,134,219
2006-10-27,144,240
2006-10-28,120,258
2006-10-29,99,212
2006-10-30,165,272
2006-10-31,144,284
2006-11-01,126,333
2006-11-02,79,207
2006-11-03,138,210
2006-11-04,147,246
2006-11-05,130,208
2006-11-06,165,242
2006-11-07,147,217
2006-11-08,209,227
2006-11-09,140,226
2006-11-10,160,220
2006-11-11,128,226
2006-11-12,127,157
2006-11-13,156,236
2006-11-14,133,203
2006-11-15,136,225
2006-11-16,152,218
2006-11-17,145,280
2006-11-18,128,250
2006-11-19,116,223
2006-11-20,150,224
2006-11-21,145,221
2006-11-22,128,244
2006-11-23,100,149
2006-11-24,114,216
2006-11-25,144,191
2006-11-26,134,172
2006-11-27,146,202
2006-11-28,163,199
2006-11-29,144,225
2006-11-30,143,221
2006-12-01,156,323
2006-12-02,103,230
2006-12-03,166,212
2006-12-04,117,209
2006-12-05,176,231
2006-12-06,139,243
2006-12-07,151,218
2006-12-08,124,230
2006-12-09,108,243
2006-12-10,89,218
2006-12-11,104,224
2006-12-12,105,219
2006-12-13,139,238
2006-12-14,145,200
2006-12-15,138,293
2006-12-16,105,242
2006-12-17,107,212
2006-12-18,112,238
2006-12-19,140,219
2006-12-20,156,229
2006-12-21,112,222
2006-12-22,111,189
2006-12-23,122,222
2006-12-24,97,195
2006-12-25,69,168
2006-12-26,135,173
2006-12-27,0,170
2006-12-28,85,208
2006-12-29,93,225
2006-12-30,134,210
2006-12-31,153,214
2007-01-01,151,387
2007-01-02,163,196
2007-01-03,125,208
2007-01-04,152,209
2007-01-05,151,235
2007-01-06,137,250
2007-01-07,174,223
2007-01-08,145,194
2007-01-09,180,238
2007-01-10,193,238
2007-01-11,155,203
2007-01-12,159,244
2007-01-13,171,206
2007-01-14,133,169
2007-01-15,170,220
2007-01-16,157,205
2007-01-17,161,249
2007-01-18,147,244
2007-01-19,167,232
2007-01-20,110,200
2007-01-21,142,198
2007-01-22,0,231
2007-01-23,140,235
2007-01-24,148,166
2007-01-25,166,192
2007-01-26,173,186
2007-01-27,151,195
2007-01-28,0,201
2007-01-29,176,198
2007-01-30,168,207
2007-01-31,199,196
2007-02-01,190,284
2007-02-02,168,225
2007-02-03,166,227
2007-02-04,169,172
2007-02-05,190,194
2007-02-06,206,207
2007-02-07,209,214
2007-02-08,146,229
2007-02-09,130,243
2007-02-10,111,226
2007-02-11,162,189
2007-02-12,210,207
2007-02-13,179,222
2007-02-14,207,211
2007-02-15,205,221
2007-02-16,205,238
2007-02-17,171,193
2007-02-18,155,174
2007-02-19,171,201
2007-02-20,211,200
2007-02-21,199,203
2007-02-22,0,177
2007-02-23,186,197
2007-02-24,0,161
2007-02-25,0,144
2007-02-26,131,209
2007-02-27,152,179
2007-02-28,158,192
2007-03-01,218,282
2007-03-02,174,216
2007-03-03,170,220
2007-03-04,189,182
2007-03-05,170,226
2007-03-06,198,190
2007-03-07,195,207
2007-03-08,171,203
2007-03-09,154,214
2007-03-10,157,237
2007-03-11,145,193
2007-03-12,0,199
2007-03-13,187,216
2007-03-14,183,206
2007-03-15,203,230
2007-03-16,165,232
2007-03-17,155,209
2007-03-18,133,219
2007-03-19,159,218
2007-03-20,155,204
2007-03-21,151,210
2007-03-22,143,193
2007-03-23,134,235
2007-03-24,137,212
2007-03-25,178,220
2007-03-26,170,214
2007-03-27,172,208
2007-03-28,165,226
2007-03-29,171,217
2007-03-30,181,205
2007-03-31,146,226
2007-04-01,163,291
2007-04-02,141,187
2007-04-03,168,219
2007-04-04,126,233
2007-04-05,100,196
2007-04-06,99,203
2007-04-07,0,249
2007-04-08,109,183
2007-04-09,186,220
2007-04-10,201,204
2007-04-11,187,189
2007-04-12,156,220
2007-04-13,138,217
2007-04-14,140,223
2007-04-15,122,229
2007-04-16,165,210
2007-04-17,153,204
2007-04-18,189,213
2007-04-19,184,233
2007-04-20,164,236
2007-04-21,160,183
2007-04-22,167,199
2007-04-23,168,205
2007-04-24,181,208
2007-04-25,146,202
2007-04-26,163,207
2007-04-27,152,244
2007-04-28,141,218
2007-04-29,147,191
2007-04-30,0,195
2007-05-01,132,258
2007-05-02,154,218
2007-05-03,105,218
2007-05-04,140,237
2007-05-05,175,220
2007-05-06,0,234
2007-05-07,148,246
2007-05-08,173,231
2007-05-09,159,217
2007-05-10,161,201
2007-05-11,172,240
2007-05-12,123,218
2007-05-13,141,177
2007-05-14,154,196
2007-05-15,144,238
2007-05-16,175,200
2007-05-17,142,192
2007-05-18,150,240
2007-05-19,123,219
2007-05-20,122,245
2007-05-21,0,202
2007-05-22,174,234
2007-05-23,122,182
2007-05-24,147,194
2007-05-25,171,226
2007-05-26,158,215
2007-05-27,145,184
2007-05-28,174,171
2007-05-29,189,212
2007-05-30,169,190
2007-05-31,148,187
2007-06-01,149,329
2007-06-02,108,218
2007-06-03,148,181
2007-06-04,149,194
2007-06-05,148,223
2007-06-06,161,195
2007-06-07,123,196
2007-06-08,123,251
2007-06-09,131,208
2007-06-10,139,202
2007-06-11,157,243
2007-06-12,213,245
2007-06-13,162,194
2007-06-14,136,211
2007-06-15,158,305
2007-06-16,162,215
2007-06-17,120,206
2007-06-18,135,194
2007-06-19,140,222
2007-06-20,131,249
2007-06-21,123,223
2007-06-22,163,240
2007-06-23,179,237
2007-06-24,137,250
2007-06-25,124,217
2007-06-26,125,208
2007-06-27,130,207
2007-06-28,152,213
2007-06-29,152,219
2007-06-30,158,219
2007-07-01,144,248
2007-07-02,155,213
2007-07-03,143,225
2007-07-04,0,243
2007-07-05,121,223
2007-07-06,136,225
2007-07-07,128,237
2007-07-08,0,218
2007-07-09,142,235
2007-07-10,163,235
2007-07-11,177,219
2007-07-12,173,219
2007-07-13,126,260
2007-07-14,177,230
2007-07-15,163,227
2007-07-16,0,234
2007-07-17,177,250
2007-07-18,149,233
2007-07-19,144,270
2007-07-20,161,262
2007-07-21,0,257
2007-07-22,0,206
2007-07-23,97,258
2007-07-24,168,227
2007-07-25,174,242
2007-07-26,157,255
2007-07-27,152,255
2007-07-28,136,253
2007-07-29,142,240
2007-07-30,126,220
2007-07-31,118,224
2007-08-01,137,296
2007-08-02,149,212
2007-08-03,113,267
2007-08-04,129,227
2007-08-05,110,195
2007-08-06,0,222
2007-08-07,127,217
2007-08-08,136,201
2007-08-09,149,239
2007-08-10,120,273
2007-08-11,147,258
2007-08-12,133,254
2007-08-13,165,240
2007-08-14,164,225
2007-08-15,140,255
2007-08-16,154,189
2007-08-17,162,250
2007-08-18,124,228
2007-08-19,144,231
2007-08-20,154,256
2007-08-21,185,238
2007-08-22,161,232
2007-08-23,130,258
2007-08-24,126,247
2007-08-25,137,272
2007-08-26,135,207
2007-08-27,126,272
2007-08-28,152,241
2007-08-29,209,214
2007-08-30,164,200
2007-08-31,143,225
2007-09-01,138,280
2007-09-02,115,203
2007-09-03,135,179
2007-09-04,0,223
2007-09-05,201,201
2007-09-06,174,244
2007-09-07,190,252
2007-09-08,163,235
2007-09-09,153,286
2007-09-10,128,247
2007-09-11,156,228
2007-09-12,190,202
2007-09-13,218,223
2007-09-14,153,263
2007-09-15,179,287
2007-09-16,171,211
2007-09-17,191,244
2007-09-18,149,217
2007-09-19,129,212
2007-09-20,155,238
2007-09-21,178,248
2007-09-22,157,210
2007-09-23,161,220
2007-09-24,157,241
2007-09-25,164,226
2007-09-26,197,250
2007-09-27,175,256
2007-09-28,151,284
2007-09-29,145,268
2007-09-30,128,226
2007-10-01,162,291
2007-10-02,164,221
2007-10-03,191,217
2007-10-04,169,212
2007-10-05,157,181
2007-10-06,155,226
2007-10-07,173,241
2007-10-08,176,198
2007-10-09,180,201
2007-10-10,145,220
2007-10-11,187,208
2007-10-12,118,227
2007-10-13,139,241
2007-10-14,162,222
2007-10-15,185,241
2007-10-16,166,197
2007-10-17,179,214
2007-10-18,163,242
2007-10-19,157,229
2007-10-20,167,246
2007-10-21,173,224
2007-10-22,170,188
2007-10-23,198,221
2007-10-24,178,216
2007-10-25,187,221
2007-10-26,172,260
2007-10-27,135,231
2007-10-28,143,245
2007-10-29,186,200
2007-10-30,183,210
2007-10-31,180,231
2007-11-01,200,267
2007-11-02,187,217
2007-11-03,191,238
2007-11-04,185,203
2007-11-05,168,195
2007-11-06,216,205
2007-11-07,175,202
2007-11-08,199,212
2007-11-09,197,228
2007-11-10,146,248
2007-11-11,123,219
2007-11-12,144,207
2007-11-13,162,191
2007-11-14,154,240
2007-11-15,178,251
2007-11-16,172,198
2007-11-17,169,225
2007-11-18,183,208
2007-11-19,207,194
2007-11-20,139,210
2007-11-21,138,252
2007-11-22,150,160
2007-11-23,140,195
2007-11-24,215,231
2007-11-25,174,207
2007-11-26,194,172
2007-11-27,178,208
2007-11-28,160,201
2007-11-29,161,224
2007-11-30,179,206
2007-12-01,152,282
2007-12-02,169,197
2007-12-03,193,192
2007-12-04,148,183
2007-12-05,158,221
2007-12-06,156,198
2007-12-07,164,256
2007-12-08,132,236
2007-12-09,132,184
2007-12-10,153,234
2007-12-11,190,240
2007-12-12,0,208
2007-12-13,180,198
2007-12-14,140,254
2007-12-15,92,265
2007-12-16,0,2
2007-12-17,210,204
2007-12-18,155,192
2007-12-19,185,230
2007-12-20,208,231
2007-12-21,149,219
2007-12-22,122,203
2007-12-23,122,218
2007-12-24,107,192
2007-12-25,78,134
2007-12-26,123,187
2007-12-27,104,208
2007-12-28,152,224
2007-12-29,139,189
2007-12-30,136,199
2007-12-31,148,211
2008-01-01,188,367
2008-01-02,176,218
2008-01-03,174,213
2008-01-04,136,226
2008-01-05,167,184
2008-01-06,172,203
2008-01-07,191,199
2008-01-08,171,209
2008-01-09,228,169
2008-01-10,156,204
2008-01-11,175,204
2008-01-12,191,234
2008-01-13,0,196
2008-01-14,189,231
2008-01-15,174,240
2008-01-16,193,236
2008-01-17,155,216
2008-01-18,205,264
2008-01-19,160,212
2008-01-20,165,213
2008-01-21,181,197
2008-01-22,191,220
2008-01-23,145,229
2008-01-24,132,213
2008-01-25,107,226
2008-01-26,121,195
2008-01-27,145,171
2008-01-28,142,242
2008-01-29,206,228
2008-01-30,175,174
2008-01-31,158,200
2008-02-01,135,290
2008-02-02,133,188
2008-02-03,157,150
2008-02-04,187,190
2008-02-05,197,180
2008-02-06,166,200
2008-02-07,185,191
2008-02-08,192,206
2008-02-09,200,198
2008-02-10,185,191
2008-02-11,173,233
2008-02-12,149,209
2008-02-13,180,199
2008-02-14,132,218
2008-02-15,195,252
2008-02-16,176,209
2008-02-17,169,179
2008-02-18,197,182
2008-02-19,139,190
2008-02-20,191,203
2008-02-21,163,225
2008-02-22,159,228
2008-02-23,145,224
2008-02-24,166,204
2008-02-25,183,252
2008-02-26,175,215
2008-02-27,184,244
2008-02-28,183,223
2008-02-29,162,210
2008-03-01,198,319
2008-03-02,192,201
2008-03-03,175,228
2008-03-04,172,223
2008-03-05,209,218
2008-03-06,190,239
2008-03-07,209,224
2008-03-08,203,268
2008-03-09,178,199
2008-03-10,226,236
2008-03-11,207,191
2008-03-12,202,216
2008-03-13,172,242
2008-03-14,134,256
2008-03-15,141,259
2008-03-16,159,205
2008-03-17,218,237
2008-03-18,204,217
2008-03-19,157,240
2008-03-20,157,194
2008-03-21,131,213
2008-03-22,165,202
2008-03-23,154,212
2008-03-24,160,182
2008-03-25,209,222
2008-03-26,209,240
2008-03-27,185,184
2008-03-28,145,247
2008-03-29,150,246
2008-03-30,127,199
2008-03-31,136,202
2008-04-01,180,289
2008-04-02,132,177
2008-04-03,124,196
2008-04-04,143,253
2008-04-05,167,247
2008-04-06,158,196
2008-04-07,149,250
2008-04-08,151,221
2008-04-09,115,242
2008-04-10,143,250
2008-04-11,170,248
2008-04-12,143,256
2008-04-13,113,255
2008-04-14,121,241
2008-04-15,117,254
2008-04-16,174,227
2008-04-17,131,204
2008-04-18,140,246
2008-04-19,157,254
2008-04-20,197,233
2008-04-21,137,229
2008-04-22,125,225
2008-04-23,148,213
2008-04-24,149,233
2008-04-25,150,261
2008-04-26,181,246
2008-04-27,94,233
2008-04-28,144,230
2008-04-29,135,237
2008-04-30,148,176
2008-05-01,191,293
2008-05-02,199,239
2008-05-03,195,237
2008-05-04,189,198
2008-05-05,180,193
2008-05-06,152,210
2008-05-07,135,238
2008-05-08,130,226
2008-05-09,150,227
2008-05-10,170,239
2008-05-11,120,223
2008-05-12,123,193
2008-05-13,130,202
2008-05-14,182,213
2008-05-15,123,213
2008-05-16,149,235
2008-05-17,187,217
2008-05-18,149,216
2008-05-19,154,214
2008-05-20,162,280
2008-05-21,109,207
2008-05-22,172,216
2008-05-23,149,246
2008-05-24,172,227
2008-05-25,194,189
2008-05-26,162,205
2008-05-27,154,214
2008-05-28,155,248
2008-05-29,149,222
2008-05-30,203,226
2008-05-31,195,191
2008-06-01,166,289
2008-06-02,145,228
2008-06-03,168,194
2008-06-04,175,207
2008-06-05,159,216
2008-06-06,182,225
2008-06-07,133,209
2008-06-08,182,197
2008-06-09,168,157
2008-06-10,130,197
2008-06-11,176,189
2008-06-12,155,209
2008-06-13,130,242
2008-06-14,138,234
2008-06-15,121,231
2008-06-16,79,169
2008-06-17,93,174
2008-06-18,87,189
2008-06-19,139,196
2008-06-20,141,254
2008-06-21,127,226
2008-06-22,130,195
2008-06-23,157,217
2008-06-24,176,221
2008-06-25,126,199
2008-06-26,156,231
2008-06-27,126,250
2008-06-28,158,242
2008-06-29,131,234
2008-06-30,147,193
2008-07-01,171,305
2008-07-02,170,225
2008-07-03,131,239
2008-07-04,186,228
2008-07-05,178,206
2008-07-06,152,163
2008-07-07,167,186
2008-07-08,195,218
2008-07-09,235,214
2008-07-10,218,234
2008-07-11,176,256
2008-07-12,203,233
2008-07-13,192,226
2008-07-14,135,223
2008-07-15,157,227
2008-07-16,177,223
2008-07-17,167,239
2008-07-18,0,321
2008-07-19,159,201
2008-07-20,139,204
2008-07-21,140,192
2008-07-22,181,213
2008-07-23,136,231
2008-07-24,149,232
2008-07-25,160,264
2008-07-26,182,212
2008-07-27,173,213
2008-07-28,182,201
2008-07-29,200,224
2008-07-30,190,242
2008-07-31,115,244
2008-08-01,0,8
2008-08-02,141,232
2008-08-03,145,200
2008-08-04,176,215
2008-08-05,158,215
2008-08-06,175,175
2008-08-07,137,192
2008-08-08,152,213
2008-08-09,177,213
2008-08-10,187,197
2008-08-11,166,199
2008-08-12,199,206
2008-08-13,151,244
2008-08-14,120,212
2008-08-15,141,253
2008-08-16,131,229
2008-08-17,137,192
2008-08-18,162,225
2008-08-19,0,206
2008-08-20,171,257
2008-08-21,125,240
2008-08-22,123,259
2008-08-23,161,252
2008-08-24,153,236
2008-08-25,185,257
2008-08-26,177,233
2008-08-27,151,256
2008-08-28,163,216
2008-08-29,154,264
2008-08-30,188,188
2008-08-31,196,211
2008-09-01,222,288
2008-09-02,177,204
2008-09-03,142,235
2008-09-04,157,196
2008-09-05,149,263
2008-09-06,225,247
2008-09-07,143,227
2008-09-08,179,212
2008-09-09,174,200
2008-09-10,193,211
2008-09-11,168,224
2008-09-12,196,236
2008-09-13,201,201
2008-09-14,190,196
2008-09-15,138,235
2008-09-16,140,221
2008-09-17,148,224
2008-09-18,193,212
2008-09-19,140,257
2008-09-20,149,244
2008-09-21,136,206
2008-09-22,130,235
2008-09-23,184,232
2008-09-24,220,258
2008-09-25,190,219
2008-09-26,142,259
2008-09-27,178,266
2008-09-28,196,249
2008-09-29,169,220
2008-09-30,247,213
2008-10-01,196,283
2008-10-02,167,197
2008-10-03,178,240
2008-10-04,194,296
2008-10-05,167,249
2008-10-06,179,210
2008-10-07,187,209
2008-10-08,241,254
2008-10-09,164,227
2008-10-10,193,257
2008-10-11,215,226
2008-10-12,173,232
2008-10-13,186,225
2008-10-14,181,239
2008-10-15,238,253
2008-10-16,206,203
2008-10-17,171,240
2008-10-18,182,244
2008-10-19,188,196
2008-10-20,147,189
2008-10-21,205,176
2008-10-22,178,219
2008-10-23,182,236
2008-10-24,208,245
2008-10-25,195,275
2008-10-26,128,218
2008-10-27,183,226
2008-10-28,182,233
2008-10-29,206,228
2008-10-30,171,210
2008-10-31,154,261
2008-11-01,173,318
2008-11-02,168,186
2008-11-03,178,190
2008-11-04,233,220
2008-11-05,159,197
2008-11-06,113,203
2008-11-07,112,284
2008-11-08,180,214
2008-11-09,157,237
2008-11-10,219,231
2008-11-11,211,182
2008-11-12,221,221
2008-11-13,211,255
2008-11-14,182,281
2008-11-15,181,254
2008-11-16,157,205
2008-11-17,187,230
2008-11-18,201,198
2008-11-19,230,182
2008-11-20,184,225
2008-11-21,174,281
2008-11-22,205,205
2008-11-23,178,220
2008-11-24,210,201
2008-11-25,0,232
2008-11-26,147,221
2008-11-27,112,151
2008-11-28,118,181
2008-11-29,216,188
2008-11-30,178,172
2008-12-01,169,263
2008-12-02,195,208
2008-12-03,190,183
2008-12-04,171,219
2008-12-05,172,222
2008-12-06,229,234
2008-12-07,170,185
2008-12-08,191,226
2008-12-09,172,195
2008-12-10,180,204
2008-12-11,131,232
2008-12-12,115,243
2008-12-13,157,207
2008-12-14,135,157
2008-12-15,160,187
2008-12-16,150,182
2008-12-17,152,191
2008-12-18,129,194
2008-12-19,125,247
2008-12-20,226,232
2008-12-21,164,172
2008-12-22,183,207
2008-12-23,106,190
2008-12-24,132,180
2008-12-25,0,129
2008-12-26,117,167
2008-12-27,181,194
2008-12-28,141,194
2008-12-29,170,205
2008-12-30,180,207
2008-12-31,153,202
2009-01-01,256,350
2009-01-02,135,195
2009-01-03,184,216
2009-01-04,189,161
2009-01-05,170,171
2009-01-06,216,205
2009-01-07,246,172
2009-01-08,182,186
2009-01-09,152,208
2009-01-10,177,229
2009-01-11,194,184
2009-01-12,150,196
2009-01-13,181,241
2009-01-14,182,202
2009-01-15,133,229
2009-01-16,216,227
2009-01-17,202,212
2009-01-18,181,177
2009-01-19,211,185
2009-01-20,147,243
2009-01-21,184,175
2009-01-22,189,189
2009-01-23,117,201
2009-01-24,155,241
2009-01-25,184,159
2009-01-26,149,215
2009-01-27,197,195
2009-01-28,191,185
2009-01-29,150,185
2009-01-30,148,235
2009-01-31,203,189
2009-02-01,168,249
2009-02-02,0,203
2009-02-03,189,188
2009-02-04,173,192
2009-02-05,176,172
2009-02-06,151,229
2009-02-07,134,204
2009-02-08,139,158
2009-02-09,198,204
2009-02-10,164,194
2009-02-11,199,164
2009-02-12,175,194
2009-02-13,165,213
2009-02-14,170,215
2009-02-15,137,191
2009-02-16,178,175
2009-02-17,146,192
2009-02-18,221,212
2009-02-19,200,210
2009-02-20,185,235
2009-02-21,228,208
2009-02-22,137,181
2009-02-23,196,193
2009-02-24,216,233
2009-02-25,213,198
2009-02-26,198,188
2009-02-27,186,238
2009-02-28,215,211
2009-03-01,195,260
2009-03-02,177,185
2009-03-03,0,201
2009-03-04,224,215
2009-03-05,216,193
2009-03-06,228,221
2009-03-07,203,200
2009-03-08,160,196
2009-03-09,186,210
2009-03-10,183,194
2009-03-11,200,211
2009-03-12,232,214
2009-03-13,201,224
2009-03-14,157,188
2009-03-15,0,220
2009-03-16,212,196
2009-03-17,189,225
2009-03-18,222,235
2009-03-19,182,210
2009-03-20,229,261
2009-03-21,176,213
2009-03-22,182,187
2009-03-23,171,226
2009-03-24,206,231
2009-03-25,175,247
2009-03-26,185,210
2009-03-27,133,237
2009-03-28,178,216
2009-03-29,238,212
2009-03-30,207,231
2009-03-31,205,194
2009-04-01,195,306
2009-04-02,200,195
2009-04-03,205,226
2009-04-04,226,224
2009-04-05,182,198
2009-04-06,213,205
2009-04-07,147,214
2009-04-08,214,235
2009-04-09,187,195
2009-04-10,0,215
2009-04-11,180,223
2009-04-12,159,204
2009-04-13,163,198
2009-04-14,222,204
2009-04-15,176,194
2009-04-16,197,209
2009-04-17,168,223
2009-04-18,197,222
2009-04-19,184,197
2009-04-20,224,206
2009-04-21,174,247
2009-04-22,224,232
2009-04-23,187,209
2009-04-24,174,259
2009-04-25,177,199
2009-04-26,165,205
2009-04-27,148,155
2009-04-28,212,219
2009-04-29,207,192
2009-04-30,204,224
2009-05-01,174,252
2009-05-02,191,166
2009-05-03,148,159
2009-05-04,193,185
2009-05-05,141,192
2009-05-06,234,191
2009-05-07,175,195
2009-05-08,186,235
2009-05-09,165,204
2009-05-10,0,169
2009-05-11,184,203
2009-05-12,190,205
2009-05-13,173,206
2009-05-14,204,188
2009-05-15,205,251
2009-05-16,151,208
2009-05-17,0,272
2009-05-18,184,189
2009-05-19,172,186
2009-05-20,181,188
2009-05-21,140,194
2009-05-22,82,220
2009-05-23,165,185
2009-05-24,130,192
2009-05-25,199,173
2009-05-26,140,186
2009-05-27,170,183
2009-05-28,146,184
2009-05-29,171,211
2009-05-30,170,203
2009-05-31,106,193
2009-06-01,156,292
2009-06-02,192,226
2009-06-03,179,206
2009-06-04,197,157
2009-06-05,149,220
2009-06-06,143,187
2009-06-07,149,189
2009-06-08,174,189
2009-06-09,186,203
2009-06-11,177,188
2009-06-12,157,218
2009-06-13,145,186
2009-06-14,122,193
2009-06-15,159,227
2009-06-16,127,225
2009-06-17,170,238
2009-06-18,183,181
2009-06-19,175,194
2009-06-20,156,198
2009-06-21,158,142
2009-06-22,134,196
2009-06-23,0,202
2009-06-24,145,179
2009-06-25,118,219
2009-06-26,120,206
2009-06-27,141,206
2009-06-28,153,229
2009-06-29,142,162
2009-06-30,157,180
2009-07-01,184,210
2009-07-02,146,166
2009-07-03,206,260
2009-07-04,144,210
2009-07-05,184,182
2009-07-06,128,217
2009-07-07,130,210
2009-07-08,122,220
2009-07-09,165,207
2009-07-10,89,239
2009-07-11,122,198
2009-07-12,161,188
2009-07-13,154,187
2009-07-14,169,233
2009-07-15,184,234
2009-07-16,160,203
2009-07-17,128,220
2009-07-18,175,235
2009-07-19,181,236
2009-07-20,157,207
2009-07-21,173,194
2009-07-22,168,211
2009-07-23,171,170
2009-07-24,152,233
2009-07-25,127,247
2009-07-26,149,205
2009-07-27,135,215
2009-07-28,198,220
2009-07-29,178,210
2009-07-30,145,229
2009-07-31,136,203
2009-08-01,181,290
2009-08-02,168,190
2009-08-03,150,195
2009-08-04,178,191
2009-08-05,212,245
2009-08-06,200,235
2009-08-07,217,230
2009-08-08,158,243
2009-08-09,155,191
2009-08-10,158,243
2009-08-11,165,217
2009-08-12,214,191
2009-08-13,175,232
2009-08-14,204,210
2009-08-15,227,273
2009-08-16,171,203
2009-08-17,179,188
2009-08-18,219,233
2009-08-19,211,214
2009-08-20,166,218
2009-08-21,219,246
2009-08-22,219,236
2009-08-23,192,214
2009-08-24,209,229
2009-08-25,229,244
2009-08-26,179,205
2009-08-27,170,228
2009-08-28,206,276
2009-08-29,216,258
2009-08-30,193,212
2009-08-31,269,176
2009-09-01,237,257
2009-09-02,217,194
2009-09-03,158,201
2009-09-04,162,258
2009-09-05,219,228
2009-09-06,193,194
2009-09-07,209,202
2009-09-08,217,208
2009-09-09,222,188
2009-09-10,195,222
2009-09-11,151,237
2009-09-12,164,234
2009-09-13,173,224
2009-09-14,201,201
2009-09-15,269,216
2009-09-16,190,218
2009-09-17,209,245
2009-09-18,193,250
2009-09-19,149,256
2009-09-20,155,268
2009-09-21,155,206
2009-09-22,175,243
2009-09-23,185,227
2009-09-24,169,218
2009-09-25,234,241
2009-09-26,202,226
2009-09-27,156,202
2009-09-28,136,201
2009-09-29,193,229
2009-09-30,167,207
2009-10-01,181,271
2009-10-02,178,245
2009-10-03,162,270
2009-10-04,155,200
2009-10-05,185,221
2009-10-06,170,213
2009-10-07,193,197
2009-10-08,0,194
2009-10-09,177,255
2009-10-10,150,221
2009-10-11,204,231
2009-10-12,167,186
2009-10-13,128,180
2009-10-14,181,230
2009-10-15,139,227
2009-10-16,147,256
2009-10-17,175,238
2009-10-18,147,185
2009-10-19,136,179
2009-10-20,157,199
2009-10-21,159,211
2009-10-22,128,239
2009-10-23,194,260
2009-10-24,133,258
2009-10-25,143,229
2009-10-26,158,225
2009-10-27,203,214
2009-10-28,168,194
2009-10-29,157,217
2009-10-30,163,237
2009-10-31,168,241
2009-11-01,197,305
2009-11-02,181,228
2009-11-03,185,223
2009-11-04,176,223
2009-11-05,165,205
2009-11-06,136,234
2009-11-07,173,233
2009-11-08,140,227
2009-11-09,172,162
2009-11-10,176,210
2009-11-11,214,218
2009-11-12,163,197
2009-11-13,164,240
2009-11-14,150,195
2009-11-15,156,209
2009-11-16,156,240
2009-11-17,175,188
2009-11-18,197,219
2009-11-19,190,211
2009-11-20,171,250
2009-11-21,168,243
2009-11-22,127,161
2009-11-23,0,231
2009-11-24,200,210
2009-11-25,149,230
2009-11-26,90,188
2009-11-27,125,168
2009-11-28,152,208
2009-11-29,158,183
2009-11-30,132,212
2009-12-01,177,221
2009-12-02,154,194
2009-12-03,152,207
2009-12-04,131,237
2009-12-05,170,195
2009-12-06,142,171
2009-12-07,158,183
2009-12-08,136,186
2009-12-09,0,204
2009-12-10,102,205
2009-12-11,130,195
2009-12-12,136,190
2009-12-13,106,167
2009-12-14,129,199
2009-12-15,176,232
2009-12-16,165,205
2009-12-17,198,225
2009-12-18,148,217
2009-12-19,129,218
2009-12-20,128,215
2009-12-21,129,208
2009-12-22,175,215
2009-12-23,178,238
2009-12-24,104,209
2009-12-25,92,139
2009-12-26,116,152
2009-12-27,157,193
2009-12-28,0,180
2009-12-29,181,174
2009-12-30,132,228
2009-12-31,135,210
2010-01-01,177,392
2010-01-02,172,196
2010-01-03,158,198
2010-01-04,0,203
2010-01-05,154,187
2010-01-06,191,182
2010-01-07,143,188
2010-01-08,156,200
2010-01-09,160,194
2010-01-10,127,231
2010-01-11,166,195
2010-01-12,167,203
2010-01-13,191,198
2010-01-14,174,231
2010-01-15,170,284
2010-01-16,171,224
2010-01-17,0,179
2010-01-18,135,186
2010-01-19,166,193
2010-01-20,188,168
2010-01-21,149,167
2010-01-22,163,224
2010-01-23,128,233
2010-01-24,174,183
2010-01-25,176,217
2010-01-26,162,180
2010-01-27,206,211
2010-01-28,160,185
2010-01-29,164,209
2010-01-30,121,199
2010-01-31,123,174
2010-02-01,147,265
2010-02-02,179,210
2010-02-03,208,198
2010-02-04,175,181
2010-02-05,195,215
2010-02-06,154,191
2010-02-07,148,164
2010-02-08,126,185
2010-02-09,179,188
2010-02-10,201,223
2010-02-11,189,163
2010-02-12,155,233
2010-02-13,211,198
2010-02-14,180,209
2010-02-15,150,200
2010-02-16,163,196
2010-02-17,189,286
2010-02-18,169,207
2010-02-19,160,195
2010-02-20,150,202
2010-02-21,126,154
2010-02-22,170,186
2010-02-23,130,153
2010-02-24,150,194
2010-02-25,176,193
2010-02-26,163,220
2010-02-27,113,217
2010-02-28,186,172
2010-03-01,176,230
2010-03-02,158,188
2010-03-03,161,167
2010-03-04,138,178
2010-03-05,181,210
2010-03-06,162,193
2010-03-07,177,181
2010-03-08,171,182
2010-03-09,182,175
2010-03-10,183,184
2010-03-11,167,175
2010-03-12,119,218
2010-03-13,190,200
2010-03-14,149,218
2010-03-15,164,217
2010-03-16,188,178
2010-03-17,210,218
2010-03-18,192,186
2010-03-19,194,181
2010-03-20,134,201
2010-03-21,156,162
2010-03-22,166,152
2010-03-23,185,171
2010-03-24,195,232
2010-03-25,168,204
2010-03-26,162,207
2010-03-27,152,187
2010-03-28,121,182
2010-03-29,169,176
2010-03-30,157,180
2010-03-31,190,181
2010-04-01,192,252
2010-04-02,198,170
2010-04-03,133,209
2010-04-04,96,136
2010-04-05,165,186
2010-04-06,185,166
2010-04-07,181,182
2010-04-08,168,211
2010-04-09,141,213
2010-04-10,161,204
2010-04-11,110,142
2010-04-12,168,180
2010-04-13,174,183
2010-04-14,170,173
2010-04-15,170,207
2010-04-16,182,217
2010-04-17,163,180
2010-04-18,111,163
2010-04-19,149,194
2010-04-20,171,171
2010-04-21,174,199
2010-04-22,139,199
2010-04-23,148,209
2010-04-24,161,209
2010-04-25,166,186
2010-04-26,147,196
2010-04-27,160,212
2010-04-28,186,182
2010-04-29,143,188
2010-04-30,131,224
2010-05-01,121,249
2010-05-02,155,161
2010-05-03,177,184
2010-05-04,184,192
2010-05-05,252,197
2010-05-06,192,173
2010-05-07,181,220
2010-05-08,176,235
2010-05-09,155,172
2010-05-10,172,172
2010-05-11,183,182
2010-05-12,218,174
2010-05-13,190,172
2010-05-14,190,224
2010-05-15,104,226
2010-05-16,161,262
2010-05-17,151,195
2010-05-18,178,185
2010-05-19,236,254
2010-05-20,158,218
2010-05-21,165,249
2010-05-22,182,219
2010-05-23,0,196
2010-05-24,193,191
2010-05-25,144,207
2010-05-26,183,208
2010-05-27,156,197
2010-05-28,145,248
2010-05-29,143,182
2010-05-30,127,227
2010-05-31,0,152
2010-06-01,192,260
2010-06-02,225,185
2010-06-03,129,196
2010-06-04,171,235
2010-06-05,136,216
2010-06-06,124,233
2010-06-07,141,207
2010-06-08,163,172
2010-06-09,167,171
2010-06-10,165,169
2010-06-11,148,213
2010-06-12,130,229
2010-06-13,137,199
2010-06-14,163,217
2010-06-15,0,206
2010-06-16,191,225
2010-06-17,164,209
2010-06-18,154,225
2010-06-19,121,243
2010-06-20,111,193
2010-06-21,104,196
2010-06-22,138,206
2010-06-23,160,211
2010-06-24,142,165
2010-06-25,182,220
2010-06-26,163,272
2010-06-27,120,277
2010-06-28,136,204
2010-06-29,131,208
2010-06-30,0,175
2010-07-01,138,244
2010-07-02,185,232
2010-07-03,192,202
2010-07-04,145,203
2010-07-05,0,176
2010-07-06,135,176
2010-07-07,168,209
2010-07-08,0,149
2010-07-09,135,199
2010-07-10,144,212
2010-07-11,127,178
2010-07-12,0,202
2010-07-13,157,204
2010-07-14,170,210
2010-07-15,169,230
2010-07-16,165,224
2010-07-17,171,224
2010-07-18,141,189
2010-07-19,141,173
2010-07-20,0,205
2010-07-21,145,212
2010-07-22,155,247
2010-07-23,133,238
2010-07-24,167,234
2010-07-25,131,218
2010-07-26,120,185
2010-07-27,162,180
2010-07-28,168,224
2010-07-29,131,186
2010-07-30,0,241
2010-07-31,0,233
2010-08-01,121,289
2010-08-02,140,205
2010-08-03,160,230
2010-08-04,162,214
2010-08-05,164,191
2010-08-06,164,224
2010-08-07,144,197
2010-08-08,0,194
2010-08-09,163,203
2010-08-10,137,206
2010-08-11,170,196
2010-08-12,156,205
2010-08-13,148,243
2010-08-14,150,232
2010-08-15,152,228
2010-08-16,135,210
2010-08-17,153,203
2010-08-18,130,216
2010-08-19,167,242
2010-08-20,168,252
2010-08-21,142,219
2010-08-22,0,201
2010-08-23,158,225
2010-08-24,205,244
2010-08-25,149,222
2010-08-26,197,214
2010-08-27,155,259
2010-08-28,139,212
2010-08-29,168,212
2010-08-30,149,193
2010-08-31,205,225
2010-09-01,183,294
2010-09-02,190,213
2010-09-03,171,252
2010-09-04,173,221
2010-09-05,142,213
2010-09-06,180,201
2010-09-07,161,204
2010-09-08,186,211
2010-09-09,201,199
2010-09-10,169,240
2010-09-11,0,221
2010-09-12,146,224
2010-09-13,144,214
2010-09-14,171,233
2010-09-15,150,205
2010-09-16,194,220
2010-09-17,155,215
2010-09-18,164,225
2010-09-19,141,213
2010-09-20,144,244
2010-09-21,180,223
2010-09-22,187,244
2010-09-23,175,210
2010-09-24,173,246
2010-09-25,178,235
2010-09-26,126,200
2010-09-27,199,212
2010-09-28,153,213
2010-09-29,250,215
2010-09-30,174,227
2010-10-01,207,343
2010-10-02,135,220
2010-10-03,148,202
2010-10-04,151,187
2010-10-05,190,215
2010-10-06,173,209
2010-10-07,180,219
2010-10-08,159,237
2010-10-09,147,276
2010-10-10,139,222
2010-10-11,164,168
2010-10-12,215,188
2010-10-13,210,179
2010-10-14,206,214
2010-10-15,166,237
2010-10-16,162,219
2010-10-17,127,206
2010-10-18,0,176
2010-10-19,203,199
2010-10-20,180,229
2010-10-21,169,213
2010-10-22,204,224
2010-10-23,175,218
2010-10-24,137,218
2010-10-25,0,211
2010-10-26,112,185
2010-10-27,179,283
2010-10-28,151,191
2010-10-29,129,216
2010-10-30,164,215
2010-10-31,142,264
2010-11-01,106,329
2010-11-02,142,228
2010-11-03,192,259
2010-11-04,182,208
2010-11-05,153,222
2010-11-06,143,227
2010-11-07,148,185
2010-11-08,196,164
2010-11-09,163,194
2010-11-10,198,214
2010-11-11,161,213
2010-11-12,0,200
2010-11-13,179,218
2010-11-14,152,188
2010-11-15,132,215
2010-11-16,158,208
2010-11-17,157,216
2010-11-18,143,191
2010-11-19,124,240
2010-11-20,145,203
2010-11-21,165,180
2010-11-22,0,192
2010-11-23,129,186
2010-11-24,193,230
2010-11-25,109,150
2010-11-26,148,207
2010-11-27,0,189
2010-11-28,131,205
2010-11-29,154,204
2010-11-30,151,196
2010-12-01,162,253
2010-12-02,197,169
2010-12-03,137,199
2010-12-04,152,185
2010-12-05,126,159
2010-12-06,161,172
2010-12-07,124,194
2010-12-08,98,200
2010-12-09,110,215
2010-12-10,158,210
2010-12-11,126,235
2010-12-12,129,229
2010-12-13,169,230
2010-12-14,134,155
2010-12-15,199,239
2010-12-16,188,221
2010-12-17,132,232
2010-12-18,157,227
2010-12-19,130,198
2010-12-20,155,251
2010-12-21,143,229
2010-12-22,0,192
2010-12-23,128,226
2010-12-24,139,176
2010-12-25,62,113
2010-12-26,146,151
2010-12-27,164,169
2010-12-28,150,168
2010-12-29,177,199
2010-12-30,142,182
2010-12-31,184,213
2011-01-01,232,418
2011-01-02,137,168
2011-01-03,188,175
2011-01-04,184,195
2011-01-05,213,197
2011-01-06,168,208
2011-01-07,157,225
2011-01-08,158,196
2011-01-09,156,183
2011-01-10,156,195
2011-01-11,162,210
2011-01-12,180,203
2011-01-13,166,204
2011-01-14,180,211
2011-01-15,203,238
2011-01-16,171,185
2011-01-17,136,186
2011-01-18,150,202
2011-01-19,185,203
2011-01-20,192,183
2011-01-21,205,220
2011-01-22,168,198
2011-01-23,128,206
2011-01-24,109,197
2011-01-25,156,214
2011-01-26,189,207
2011-01-27,191,196
2011-01-28,174,233
2011-01-29,144,188
2011-01-30,140,173
2011-01-31,152,187
2011-02-01,190,257
2011-02-02,184,176
2011-02-03,166,191
2011-02-04,177,202
2011-02-05,165,229
2011-02-06,153,196
2011-02-07,165,166
2011-02-08,186,190
2011-02-09,172,172
2011-02-10,179,183
2011-02-11,190,219
2011-02-12,153,237
2011-02-13,164,173
2011-02-14,118,171
2011-02-15,132,186
2011-02-16,194,186
2011-02-17,103,197
2011-02-18,137,181
2011-02-19,0,200
2011-02-20,134,195
2011-02-21,170,190
2011-02-22,151,207
2011-02-23,181,201
2011-02-24,123,198
2011-02-25,139,213
2011-02-26,182,218
2011-02-27,130,177
2011-02-28,169,202
2011-03-01,191,261
2011-03-02,163,231
2011-03-03,171,209
2011-03-04,161,217
2011-03-05,193,196
2011-03-06,127,171
2011-03-07,150,196
2011-03-08,171,186
2011-03-09,202,197
2011-03-10,143,170
2011-03-11,191,231
2011-03-12,175,214
2011-03-13,150,199
2011-03-14,149,179
2011-03-15,168,216
2011-03-16,168,227
2011-03-17,155,205
2011-03-18,162,226
2011-03-19,159,241
2011-03-20,0,186
2011-03-21,128,184
2011-03-22,137,216
2011-03-23,148,206
2011-03-24,144,212
2011-03-25,163,248
2011-03-26,174,218
2011-03-27,134,184
2011-03-28,132,193
2011-03-29,149,200
2011-03-30,188,218
2011-03-31,171,190
2011-04-01,196,317
2011-04-02,195,200
2011-04-03,153,197
2011-04-04,152,191
2011-04-05,140,202
2011-04-06,175,222
2011-04-07,0,218
2011-04-08,192,247
2011-04-09,169,225
2011-04-10,113,206
2011-04-11,155,216
2011-04-12,138,196
2011-04-13,182,204
2011-04-14,156,228
2011-04-15,195,230
2011-04-16,197,224
2011-04-17,134,190
2011-04-18,124,191
2011-04-19,176,221
2011-04-20,172,222
2011-04-21,177,179
2011-04-22,190,211
2011-04-23,159,204
2011-04-24,117,172
2011-04-25,122,224
2011-04-26,169,194
2011-04-27,218,165
2011-04-28,184,203
2011-04-29,0,211
2011-04-30,169,202
2011-05-01,178,263
2011-05-02,136,193
2011-05-03,122,194
2011-05-04,193,195
2011-05-05,185,220
2011-05-06,151,232
2011-05-07,161,183
2011-05-08,125,184
2011-05-09,151,200
2011-05-10,134,186
2011-05-11,184,179
2011-05-12,124,201
2011-05-13,159,244
2011-05-14,177,183
2011-05-15,142,282
2011-05-16,145,192
2011-05-17,0,195
2011-05-18,173,198
2011-05-19,178,244
2011-05-20,151,224
2011-05-21,235,223
2011-05-22,133,210
2011-05-23,108,209
2011-05-24,185,209
2011-05-25,149,218
2011-05-26,133,237
2011-05-27,208,252
2011-05-28,185,228
2011-05-29,171,230
2011-05-30,133,161
2011-05-31,121,208
2011-06-01,182,286
2011-06-02,181,188
2011-06-03,185,214
2011-06-04,188,184
2011-06-05,177,210
2011-06-06,0,187
2011-06-07,139,178
2011-06-08,190,182
2011-06-09,147,173
2011-06-10,129,208
2011-06-11,179,192
2011-06-12,122,170
2011-06-13,141,165
2011-06-14,150,196
2011-06-15,187,203
2011-06-16,135,224
2011-06-17,151,198
2011-06-18,168,232
2011-06-19,143,192
2011-06-20,157,216
2011-06-21,164,193
2011-06-22,214,239
2011-06-23,187,204
2011-06-24,160,238
2011-06-25,166,236
2011-06-26,146,243
2011-06-27,0,213
2011-06-28,132,199
2011-06-29,179,175
2011-06-30,172,229
2011-07-01,162,263
2011-07-02,206,203
2011-07-03,146,160
2011-07-04,116,205
2011-07-05,142,170
2011-07-06,200,176
2011-07-07,166,195
2011-07-08,167,198
2011-07-09,143,199
2011-07-10,142,186
2011-07-11,105,155
2011-07-12,126,157
2011-07-13,214,167
2011-07-14,146,205
2011-07-15,165,224
2011-07-16,125,189
2011-07-17,122,193
2011-07-18,124,155
2011-07-19,136,192
2011-07-20,149,210
2011-07-21,139,198
2011-07-22,128,265
2011-07-23,185,236
2011-07-24,0,190
2011-07-25,120,184
2011-07-26,151,237
2011-07-27,179,222
2011-07-28,144,218
2011-07-29,130,222
2011-07-30,146,196
2011-07-31,128,185
2011-08-01,101,253
2011-08-02,137,162
2011-08-03,162,231
2011-08-04,133,233
2011-08-05,173,244
2011-08-06,148,208
2011-08-07,114,187
2011-08-08,147,206
2011-08-09,104,224
2011-08-10,139,195
2011-08-11,0,254
2011-08-12,167,224
2011-08-13,158,219
2011-08-14,135,190
2011-08-15,117,220
2011-08-16,135,198
2011-08-17,148,192
2011-08-18,153,182
2011-08-19,152,263
2011-08-20,0,260
2011-08-21,123,176
2011-08-22,144,159
2011-08-23,116,208
2011-08-24,172,181
2011-08-25,176,200
2011-08-26,158,243
2011-08-27,190,246
2011-08-28,151,187
2011-08-29,114,190
2011-08-30,179,190
2011-08-31,160,230
2011-09-01,145,279
2011-09-02,167,208
2011-09-03,154,211
2011-09-04,138,187
2011-09-05,155,190
2011-09-06,136,207
2011-09-07,0,184
2011-09-08,140,193
2011-09-09,167,268
2011-09-10,159,215
2011-09-11,165,236
2011-09-12,148,247
2011-09-13,109,212
2011-09-14,0,178
2011-09-15,161,211
2011-09-16,142,239
2011-09-17,141,223
2011-09-18,145,191
2011-09-19,132,172
2011-09-20,175,229
2011-09-21,184,235
2011-09-22,172,230
2011-09-23,184,243
2011-09-24,163,254
2011-09-25,139,203
2011-09-26,179,218
2011-09-27,140,203
2011-09-28,172,230
2011-09-29,160,226
2011-09-30,186,259
2011-10-01,168,317
2011-10-02,138,199
2011-10-03,134,169
2011-10-04,171,187
2011-10-05,144,193
2011-10-06,0,195
2011-10-07,133,207
2011-10-08,151,213
2011-10-09,136,198
2011-10-10,145,190
2011-10-11,155,183
2011-10-12,174,213
2011-10-13,191,218
2011-10-14,134,240
2011-10-15,151,256
2011-10-16,143,213
2011-10-17,114,216
2011-10-18,155,218
2011-10-19,229,191
2011-10-20,134,243
2011-10-21,149,224
2011-10-22,190,184
2011-10-23,154,229
2011-10-24,135,243
2011-10-25,118,206
2011-10-26,113,218
2011-10-27,145,234
2011-10-28,131,274
2011-10-29,131,267
2011-10-30,104,288
2011-10-31,168,253
2011-11-01,187,291
2011-11-02,158,184
2011-11-03,169,225
2011-11-04,148,244
2011-11-05,112,223
2011-11-06,128,202
2011-11-07,134,199
2011-11-08,135,230
2011-11-09,156,198
2011-11-10,161,213
2011-11-11,131,206
2011-11-12,85,256
2011-11-13,119,209
2011-11-14,0,209
2011-11-15,179,221
2011-11-16,140,187
2011-11-17,0,232
2011-11-18,126,252
2011-11-19,120,227
2011-11-20,82,250
2011-11-21,135,203
2011-11-22,108,224
2011-11-23,152,252
2011-11-24,98,124
2011-11-25,125,238
2011-11-26,119,261
2011-11-27,115,207
2011-11-28,114,196
2011-11-29,110,234
2011-11-30,136,226
2011-12-01,113,267
2011-12-02,134,287
2011-12-03,0,235
2011-12-04,150,220
2011-12-05,145,213
2011-12-06,147,187
2011-12-07,117,230
2011-12-08,0,187
2011-12-09,109,254
2011-12-10,101,217
2011-12-11,101,208
2011-12-12,0,218
2011-12-13,116,213
2011-12-14,131,240
2011-12-15,137,242
2011-12-16,167,278
2011-12-17,126,246
2011-12-18,134,197
2011-12-19,141,252
2011-12-20,165,240
2011-12-21,111,240
2011-12-22,148,245
2011-12-23,137,246
2011-12-24,110,211
2011-12-25,47,121
2011-12-26,115,181
2011-12-27,118,210
2011-12-28,162,206
2011-12-29,0,182
2011-12-30,145,231
2011-12-31,163,257
2012-01-01,187,343
2012-01-02,111,182
2012-01-03,167,200
2012-01-04,165,223
2012-01-05,194,242
2012-01-06,165,234
2012-01-07,144,207
2012-01-08,0,201
2012-01-09,143,181
2012-01-10,152,243
2012-01-11,160,242
2012-01-12,192,245
2012-01-13,173,249
2012-01-14,151,232
2012-01-15,137,211
2012-01-16,129,170
2012-01-17,152,196
2012-01-18,106,199
2012-01-19,133,182
2012-01-20,122,260
2012-01-21,109,262
2012-01-22,0,229
2012-01-23,135,200
2012-01-24,155,184
2012-01-25,215,259
2012-01-26,167,226
2012-01-27,178,246
2012-01-28,175,236
2012-01-29,163,207
2012-01-30,160,179
2012-01-31,162,207
2012-02-01,200,231
2012-02-02,166,203
2012-02-03,165,272
2012-02-04,162,224
2012-02-05,162,197
2012-02-06,170,213
2012-02-07,148,227
2012-02-08,165,217
2012-02-09,157,218
2012-02-10,0,267
2012-02-11,129,266
2012-02-12,142,252
2012-02-13,141,203
2012-02-14,149,196
2012-02-15,178,224
2012-02-16,112,205
2012-02-17,133,236
2012-02-18,113,228
2012-02-19,126,219
2012-02-20,0,174
2012-02-21,154,217
2012-02-22,176,237
2012-02-23,154,255
2012-02-24,151,273
2012-02-25,190,234
2012-02-26,139,185
2012-02-27,153,220
2012-02-28,144,240
2012-02-29,144,217
2012-03-01,128,293
2012-03-02,181,239
2012-03-03,148,247
2012-03-04,168,195
2012-03-05,161,234
2012-03-06,116,199
2012-03-07,135,214
2012-03-08,136,247
2012-03-09,184,239
2012-03-10,0,216
2012-03-11,169,223
2012-03-12,153,195
2012-03-13,121,216
2012-03-14,137,179
2012-03-15,125,231
2012-03-16,137,244
2012-03-17,134,262
2012-03-18,148,218
2012-03-19,158,209
2012-03-20,159,217
2012-03-21,192,217
2012-03-22,174,215
2012-03-23,166,274
2012-03-24,124,224
2012-03-25,163,199
2012-03-26,126,224
2012-03-27,120,183
2012-03-28,126,192
2012-03-29,125,203
2012-03-30,133,239
2012-03-31,118,228
2012-04-01,109,284
2012-04-02,105,240
2012-04-03,127,219
2012-04-04,232,209
2012-04-05,139,208
2012-04-06,140,221
2012-04-07,132,232
2012-04-08,110,217
2012-04-09,117,221
2012-04-10,118,230
2012-04-11,154,200
2012-04-12,137,242
2012-04-13,140,275
2012-04-14,134,226
2012-04-15,143,221
2012-04-16,145,222
2012-04-17,149,243
2012-04-18,130,239
2012-04-19,137,255
2012-04-20,152,268
2012-04-21,157,262
2012-04-22,109,217
2012-04-23,164,240
2012-04-24,146,217
2012-04-25,150,214
2012-04-26,152,209
2012-04-27,164,285
2012-04-28,137,280
2012-04-29,0,227
2012-04-30,147,255
2012-05-01,136,266
2012-05-02,164,222
2012-05-03,165,203
2012-05-04,174,268
2012-05-05,163,241
2012-05-06,154,233
2012-05-07,148,187
2012-05-08,167,254
2012-05-09,139,238
2012-05-10,187,199
2012-05-11,167,275
2012-05-12,141,245
2012-05-13,108,202
2012-05-14,96,250
2012-05-15,138,245
2012-05-16,166,246
2012-05-17,134,198
2012-05-18,147,251
2012-05-19,149,247
2012-05-20,129,306
2012-05-21,127,222
2012-05-22,131,226
2012-05-23,131,250
2012-05-24,125,245
2012-05-25,136,267
2012-05-26,142,238
2012-05-27,118,239
2012-05-28,123,206
2012-05-29,133,247
2012-05-30,156,255
2012-05-31,140,212
2012-06-01,120,340
2012-06-02,116,254
2012-06-03,142,229
2012-06-04,115,233
2012-06-05,0,217
2012-06-06,124,193
2012-06-07,123,172
2012-06-08,0,240
2012-06-09,90,216
2012-06-10,107,223
2012-06-11,123,214
2012-06-12,73,223
2012-06-13,129,252
2012-06-14,107,216
2012-06-15,112,258
2012-06-16,103,216
2012-06-17,113,230
2012-06-18,0,216
2012-06-19,146,199
2012-06-20,136,252
2012-06-21,133,234
2012-06-22,126,261
2012-06-23,139,314
2012-06-24,154,353
2012-06-25,117,259
2012-06-26,145,260
2012-06-27,0,257
2012-06-28,182,273
2012-06-29,140,249
2012-06-30,156,240
2012-07-01,107,263
2012-07-02,146,228
2012-07-03,179,260
2012-07-04,162,255
2012-07-05,109,254
2012-07-06,132,237
2012-07-07,94,235
2012-07-08,115,197
2012-07-09,157,193
2012-07-10,141,217
2012-07-11,121,206
2012-07-12,125,248
2012-07-13,0,280
2012-07-14,135,264
2012-07-15,149,260
2012-07-16,136,216
2012-07-17,107,223
2012-07-18,0,221
2012-07-19,147,231
2012-07-20,0,287
2012-07-21,148,256
2012-07-22,95,219
2012-07-23,109,254
2012-07-24,121,242
2012-07-25,135,263
2012-07-26,113,245
2012-07-27,145,272
2012-07-28,120,307
2012-07-29,93,280
2012-07-30,96,247
2012-07-31,78,250
2012-08-01,169,316
2012-08-02,101,257
2012-08-03,152,273
2012-08-04,139,279
2012-08-05,147,245
2012-08-06,116,268
2012-08-07,106,216
2012-08-08,113,246
2012-08-09,130,259
2012-08-10,117,273
2012-08-11,103,283
2012-08-12,107,240
2012-08-13,131,260
2012-08-14,137,262
2012-08-15,153,253
2012-08-16,128,251
2012-08-17,101,297
2012-08-18,112,240
2012-08-19,0,239
2012-08-20,143,265
2012-08-21,161,260
2012-08-22,195,216
2012-08-23,144,268
2012-08-24,158,282
2012-08-25,162,294
2012-08-26,130,226
2012-08-27,138,231
2012-08-28,139,286
2012-08-29,165,274
2012-08-30,150,260
2012-08-31,137,309
2012-09-01,156,300
2012-09-02,128,236
2012-09-03,170,252
2012-09-04,122,277
2012-09-05,110,262
2012-09-06,150,253
2012-09-07,117,271
2012-09-08,131,274
2012-09-09,147,255
2012-09-10,127,273
2012-09-11,140,224
2012-09-12,163,259
2012-09-13,139,255
2012-09-14,194,301
2012-09-15,0,280
2012-09-16,91,291
2012-09-17,140,253
2012-09-18,116,229
2012-09-19,137,271
2012-09-20,132,256
2012-09-21,151,307
2012-09-22,119,267
2012-09-23,129,287
2012-09-24,109,239
2012-09-25,106,251
2012-09-26,116,240
2012-09-27,146,219
2012-09-28,135,274
2012-09-29,140,277
2012-09-30,141,251
2012-10-01,210,339
2012-10-02,164,247
2012-10-03,157,238
2012-10-04,135,227
2012-10-05,147,289
2012-10-06,174,331
2012-10-07,164,302
2012-10-08,0,257
2012-10-09,116,250
2012-10-10,160,250
2012-10-11,117,222
2012-10-12,151,286
2012-10-13,135,266
2012-10-14,157,270
2012-10-15,143,294
2012-10-16,143,305
2012-10-17,228,282
2012-10-18,160,271
2012-10-19,168,330
2012-10-20,126,302
2012-10-21,99,224
2012-10-22,122,301
2012-10-23,128,265
2012-10-24,122,267
2012-10-25,129,307
2012-10-26,126,316
2012-10-27,137,241
2012-10-28,126,376
2012-10-29,155,288
2012-10-30,125,249
2012-10-31,156,325
2012-11-01,153,287
2012-11-02,190,293
2012-11-03,158,320
2012-11-04,105,287
2012-11-05,144,250
2012-11-06,135,259
2012-11-07,132,221
2012-11-08,111,236
2012-11-09,173,245
2012-11-10,174,284
2012-11-11,137,251
2012-11-12,138,220
2012-11-13,186,249
2012-11-14,142,271
2012-11-15,125,274
2012-11-16,151,302
2012-11-17,141,267
2012-11-18,148,252
2012-11-19,144,288
2012-11-20,149,303
2012-11-21,153,257
2012-11-22,81,166
2012-11-23,129,269
2012-11-24,174,250
2012-11-25,127,197
2012-11-26,100,262
2012-11-27,125,269
2012-11-28,137,216
2012-11-29,0,278
2012-11-30,149,268
2012-12-01,143,294
2012-12-02,0,250
2012-12-03,125,245
2012-12-04,124,235
2012-12-05,138,240
2012-12-06,125,261
2012-12-07,129,280
2012-12-08,0,254
2012-12-09,137,228
2012-12-10,127,210
2012-12-11,118,232
2012-12-12,131,224
2012-12-13,159,245
2012-12-14,127,294
2012-12-15,91,283
2012-12-16,144,263
2012-12-17,138,229
2012-12-18,152,244
2012-12-19,164,277
2012-12-20,134,285
2012-12-21,129,317
2012-12-22,106,292
2012-12-23,89,198
2012-12-24,144,188
2012-12-25,85,132
2012-12-26,0,207
2012-12-27,163,250
2012-12-28,0,299
2012-12-29,154,276
2012-12-30,161,280
2012-12-31,115,245
2013-01-01,280,347
2013-01-02,178,219
2013-01-03,137,212
2013-01-04,173,237
2013-01-05,159,227
2013-01-06,157,185
2013-01-07,148,249
2013-01-08,145,209
2013-01-09,176,254
2013-01-10,172,253
2013-01-11,0,235
2013-01-12,165,242
2013-01-13,145,195
2013-01-14,138,237
2013-01-15,160,234
2013-01-16,149,211
2013-01-17,0,278
2013-01-18,0,254
2013-01-19,154,269
2013-01-20,183,233
2013-01-21,146,211
2013-01-22,143,228
2013-01-23,192,238
2013-01-24,219,252
2013-01-25,184,321
2013-01-26,151,298
2013-01-27,159,227
2013-01-28,174,231
2013-01-29,167,228
2013-01-30,153,239
2013-01-31,220,275
2013-02-01,205,287
2013-02-02,178,239
2013-02-03,161,236
2013-02-04,160,220
2013-02-05,175,247
2013-02-06,158,230
2013-02-07,143,227
2013-02-08,171,271
2013-02-09,184,229
2013-02-10,157,236
2013-02-11,171,221
2013-02-12,175,216
2013-02-13,210,306
2013-02-14,152,250
2013-02-15,181,293
2013-02-16,226,278
2013-02-17,167,277
2013-02-18,177,243
2013-02-19,175,233
2013-02-20,0,229
2013-02-21,186,224
2013-02-22,188,270
2013-02-23,161,261
2013-02-24,162,217
2013-02-25,156,258
2013-02-26,165,211
2013-02-27,194,230
2013-02-28,197,198
2013-03-01,244,302
2013-03-02,155,258
2013-03-03,165,216
2013-03-04,0,254
2013-03-05,0,219
2013-03-06,204,196
2013-03-07,163,235
2013-03-08,226,258
2013-03-09,158,224
2013-03-10,134,211
2013-03-11,182,200
2013-03-12,159,223
2013-03-13,240,243
2013-03-14,166,227
2013-03-15,193,268
2013-03-16,150,262
2013-03-17,178,250
2013-03-18,145,233
2013-03-19,172,240
2013-03-20,148,260
2013-03-21,203,258
2013-03-22,183,282
2013-03-23,188,275
2013-03-24,174,240
2013-03-25,164,239
2013-03-26,151,247
2013-03-27,180,248
2013-03-28,182,219
2013-03-29,199,268
2013-03-30,128,233
2013-03-31,155,216
2013-04-01,177,269
2013-04-02,183,185
2013-04-03,0,197
2013-04-04,0,220
2013-04-05,166,329
2013-04-06,186,270
2013-04-07,189,213
2013-04-08,159,192
2013-04-09,219,215
2013-04-10,150,241
2013-04-11,197,252
2013-04-12,187,255
2013-04-13,152,265
2013-04-14,122,260
2013-04-15,179,243
2013-04-16,179,213
2013-04-17,172,260
2013-04-18,162,234
2013-04-19,157,296
2013-04-20,208,257
2013-04-21,172,235
2013-04-22,157,270
2013-04-23,187,255
2013-04-24,186,288
2013-04-25,172,250
2013-04-26,138,216
2013-04-27,0,260
2013-04-28,146,254
2013-04-29,171,234
2013-04-30,173,220
2013-05-01,189,284
2013-05-02,196,208
2013-05-03,185,231
2013-05-04,157,222
2013-05-05,221,231
2013-05-06,200,225
2013-05-07,227,236
2013-05-08,197,208
2013-05-09,217,264
2013-05-10,0,249
2013-05-11,175,206
2013-05-12,175,197
2013-05-13,113,185
2013-05-14,166,190
2013-05-15,164,256
2013-05-16,194,227
2013-05-17,207,279
2013-05-18,160,233
2013-05-19,196,272
2013-05-20,190,242
2013-05-21,218,194
2013-05-22,166,223
2013-05-23,156,228
2013-05-24,234,278
2013-05-25,168,231
2013-05-26,210,237
2013-05-27,154,185
2013-05-28,182,233
2013-05-29,183,202
2013-05-30,154,227
2013-05-31,184,254
2013-06-01,206,310
2013-06-02,167,206
2013-06-03,206,230
2013-06-04,184,191
2013-06-05,157,200
2013-06-06,167,212
2013-06-07,149,299
2013-06-08,149,208
2013-06-09,146,206
2013-06-10,188,239
2013-06-11,222,229
2013-06-12,195,237
2013-06-13,143,265
2013-06-14,158,273
2013-06-15,122,248
2013-06-16,156,216
2013-06-17,149,247
2013-06-18,176,255
2013-06-19,196,250
2013-06-20,165,238
2013-06-21,0,304
2013-06-22,142,229
2013-06-23,0,227
2013-06-24,161,225
2013-06-25,118,228
2013-06-26,161,254
2013-06-27,151,252
2013-06-28,207,271
2013-06-29,195,280
2013-06-30,185,328
2013-07-01,180,250
2013-07-02,182,217
2013-07-03,191,248
2013-07-04,148,216
2013-07-05,183,236
2013-07-06,157,222
2013-07-07,179,224
2013-07-08,192,206
2013-07-09,170,249
2013-07-10,162,236
2013-07-11,163,190
2013-07-12,135,295
2013-07-13,149,260
2013-07-14,160,237
2013-07-15,160,254
2013-07-16,193,243
2013-07-17,205,251
2013-07-18,194,232
2013-07-19,0,264
2013-07-20,134,243
2013-07-21,138,255
2013-07-22,172,284
2013-07-23,127,282
2013-07-24,192,274
2013-07-25,162,246
2013-07-26,167,312
2013-07-27,167,293
2013-07-28,163,299
2013-07-29,196,240
2013-07-30,178,257
2013-07-31,173,266
2013-08-01,0,290
2013-08-02,144,297
2013-08-03,188,249
2013-08-04,181,240
2013-08-05,164,213
2013-08-06,152,227
2013-08-07,167,268
2013-08-08,152,252
2013-08-09,200,303
2013-08-10,212,273
2013-08-11,183,274
2013-08-12,180,244
2013-08-13,156,252
2013-08-14,173,264
2013-08-15,167,309
2013-08-16,204,315
2013-08-17,161,287
2013-08-18,199,241
2013-08-19,211,271
2013-08-20,176,263
2013-08-21,183,251
2013-08-22,141,246
2013-08-23,188,300
2013-08-24,125,281
2013-08-25,182,245
2013-08-26,197,237
2013-08-27,172,258
2013-08-28,169,245
2013-08-29,196,239
2013-08-30,156,273
2013-08-31,163,246
2013-09-01,195,298
2013-09-02,159,218
2013-09-03,165,245
2013-09-04,202,270
2013-09-05,182,265
2013-09-06,189,321
2013-09-07,161,324
2013-09-08,167,267
2013-09-09,173,271
2013-09-10,152,268
2013-09-11,226,290
2013-09-12,185,296
2013-09-13,189,315
2013-09-14,157,276
2013-09-15,153,291
2013-09-16,178,256
2013-09-17,179,248
2013-09-18,213,267
2013-09-19,173,274
2013-09-20,194,291
2013-09-21,136,262
2013-09-22,170,222
2013-09-23,153,307
2013-09-24,0,271
2013-09-25,224,302
2013-09-26,227,275
2013-09-27,185,332
2013-09-28,179,292
2013-09-29,174,248
2013-09-30,149,299
2013-10-01,184,320
2013-10-02,214,268
2013-10-03,183,271
2013-10-04,235,320
2013-10-05,197,268
2013-10-06,186,259
2013-10-07,189,225
2013-10-08,157,259
2013-10-09,189,250
2013-10-10,193,254
2013-10-11,190,268
2013-10-12,119,236
2013-10-13,161,227
2013-10-14,151,270
2013-10-15,185,266
2013-10-16,204,222
2013-10-17,195,261
2013-10-18,151,304
2013-10-19,157,290
2013-10-20,179,249
2013-10-21,231,245
2013-10-22,228,245
2013-10-23,204,239
2013-10-24,167,275
2013-10-25,202,280
2013-10-26,162,289
2013-10-27,167,256
2013-10-28,188,255
2013-10-29,154,261
2013-10-30,181,247
2013-10-31,193,273
2013-11-01,246,380
2013-11-02,142,218
2013-11-03,0,221
2013-11-04,160,200
2013-11-05,180,221
2013-11-06,206,250
2013-11-07,131,246
2013-11-08,165,241
2013-11-09,157,270
2013-11-10,130,235
2013-11-11,155,220
2013-11-12,217,295
2013-11-13,205,236
2013-11-14,160,259
2013-11-15,162,269
2013-11-16,159,283
2013-11-17,129,231
2013-11-18,159,265
2013-11-19,156,209
2013-11-20,158,263
2013-11-21,175,245
2013-11-22,151,278
2013-11-23,204,257
2013-11-24,149,206
2013-11-25,129,227
2013-11-26,169,212
2013-11-27,162,228
2013-11-28,133,175
2013-11-29,131,262
2013-11-30,164,234
2013-12-01,159,278
2013-12-02,173,197
2013-12-03,188,244
2013-12-04,164,227
2013-12-05,167,233
2013-12-06,106,272
2013-12-07,136,250
2013-12-08,134,200
2013-12-09,137,213
2013-12-10,159,214
2013-12-11,144,250
2013-12-12,124,236
2013-12-13,131,256
2013-12-14,92,300
2013-12-15,0,252
2013-12-16,176,244
2013-12-17,167,257
2013-12-18,190,217
2013-12-19,171,241
2013-12-20,162,251
2013-12-21,134,205
2013-12-22,0,187
2013-12-23,0,122
2013-12-24,0,125
2013-12-25,0,126
2013-12-26,87,162
2013-12-27,148,251
2013-12-28,182,254
2013-12-29,152,231
2013-12-30,161,216
2013-12-31,167,223
2014-01-01,176,312
2014-01-02,151,236
2014-01-03,201,226
2014-01-04,155,213
2014-01-05,124,196
2014-01-06,166,227
2014-01-07,156,220
2014-01-08,184,246
2014-01-09,171,221
2014-01-10,210,255
2014-01-11,163,232
2014-01-12,165,204
2014-01-13,160,239
2014-01-14,187,270
2014-01-15,160,292
2014-01-16,212,284
2014-01-17,163,263
2014-01-18,185,269
2014-01-19,132,258
2014-01-20,155,236
2014-01-21,157,223
2014-01-22,184,236
2014-01-23,157,269
2014-01-24,215,258
2014-01-25,168,297
2014-01-26,159,246
2014-01-27,0,253
2014-01-28,166,219
2014-01-29,154,221
2014-01-30,131,245
2014-01-31,119,246
2014-02-01,215,278
2014-02-02,152,209
2014-02-03,168,225
2014-02-04,171,226
2014-02-05,192,247
2014-02-06,175,218
2014-02-07,152,255
2014-02-08,162,223
2014-02-09,169,196
2014-02-10,216,235
2014-02-11,159,214
2014-02-12,213,259
2014-02-13,192,225
2014-02-14,211,303
2014-02-15,171,306
2014-02-16,163,223
2014-02-17,170,245
2014-02-18,187,250
2014-02-19,161,244
2014-02-20,148,238
2014-02-21,215,243
2014-02-22,0,265
2014-02-23,150,217
2014-02-24,161,212
2014-02-25,153,236
2014-02-26,138,244
2014-02-27,149,273
2014-02-28,145,252
2014-03-01,144,300
2014-03-02,158,227
2014-03-03,159,224
2014-03-04,171,246
2014-03-05,170,248
2014-03-06,229,238
2014-03-07,190,268
2014-03-08,150,267
2014-03-09,163,215
2014-03-10,165,236
2014-03-11,175,227
2014-03-12,183,236
2014-03-13,162,221
2014-03-14,198,289
2014-03-15,176,265
2014-03-16,126,229
2014-03-17,155,251
2014-03-18,164,222
2014-03-19,214,299
2014-03-20,169,224
2014-03-21,154,258
2014-03-22,184,239
2014-03-23,186,216
2014-03-24,177,260
2014-03-25,152,258
2014-03-26,133,233
2014-03-27,228,266
2014-03-28,179,319
2014-03-29,143,259
2014-03-30,132,206
2014-03-31,131,221
2014-04-01,158,265
2014-04-02,173,217
2014-04-03,208,235
2014-04-04,153,256
2014-04-05,168,258
2014-04-06,160,249
2014-04-07,169,253
2014-04-08,168,234
2014-04-09,135,256
2014-04-10,168,285
2014-04-11,172,275
2014-04-12,186,295
2014-04-13,118,235
2014-04-14,152,215
2014-04-15,133,230
2014-04-16,199,271
2014-04-17,138,264
2014-04-18,166,278
2014-04-19,201,260
2014-04-20,130,235
2014-04-21,124,242
2014-04-22,124,268
2014-04-23,161,233
2014-04-24,162,286
2014-04-25,175,287
2014-04-26,164,275
2014-04-27,118,237
2014-04-28,141,273
2014-04-29,155,220
2014-04-30,181,207
2014-05-01,179,267
2014-05-02,179,246
2014-05-03,161,219
2014-05-04,117,240
2014-05-05,167,221
2014-05-06,167,259
2014-05-07,123,245
2014-05-08,157,198
2014-05-09,152,257
2014-05-10,134,252
2014-05-11,151,221
2014-05-12,102,236
2014-05-13,175,207
2014-05-14,177,235
2014-05-15,162,251
2014-05-16,161,245
2014-05-17,157,297
2014-05-18,170,266
2014-05-19,148,241
2014-05-20,143,250
2014-05-21,185,228
2014-05-22,145,234
2014-05-23,168,280
2014-05-24,193,204
2014-05-25,175,258
2014-05-26,169,238
2014-05-27,186,210
2014-05-28,159,241
2014-05-29,131,252
2014-05-30,172,203
2014-05-31,116,232
2014-06-01,104,263
2014-06-02,152,242
2014-06-03,157,248
2014-06-04,205,270
2014-06-05,175,240
2014-06-06,147,274
2014-06-07,145,237
2014-06-08,96,211
2014-06-09,114,247
2014-06-10,162,212
2014-06-11,157,203
2014-06-12,146,214
2014-06-13,120,271
2014-06-14,126,249
2014-06-15,156,219
2014-06-16,141,221
2014-06-17,162,240
2014-06-18,173,205
2014-06-19,128,252
2014-06-20,205,281
2014-06-21,174,250
2014-06-22,107,225
2014-06-23,169,249
2014-06-24,137,224
2014-06-25,126,265
2014-06-26,117,274
2014-06-27,172,298
2014-06-28,144,361
2014-06-29,0,358
2014-06-30,130,225
2014-07-01,158,265
2014-07-02,159,236
2014-07-03,158,258
2014-07-04,144,243
2014-07-05,173,221
2014-07-06,143,223
2014-07-07,184,267
2014-07-08,165,223
2014-07-09,174,272
2014-07-10,162,236
2014-07-11,150,254
2014-07-12,133,264
2014-07-13,147,218
2014-07-14,151,290
2014-07-15,180,231
2014-07-16,127,258
2014-07-17,161,243
2014-07-18,165,271
2014-07-19,127,276
2014-07-20,125,246
2014-07-21,143,301
2014-07-22,164,283
2014-07-23,156,241
2014-07-24,165,273
2014-07-25,155,279
2014-07-26,130,249
2014-07-27,134,285
2014-07-28,176,242
2014-07-29,172,290
2014-07-30,169,256
2014-07-31,145,258
2014-08-01,171,303
2014-08-02,191,252
2014-08-03,146,239
2014-08-04,131,245
2014-08-05,114,263
2014-08-06,166,264
2014-08-07,168,287
2014-08-08,180,331
2014-08-09,190,319
2014-08-10,158,299
2014-08-11,171,234
2014-08-12,180,233
2014-08-13,163,251
2014-08-14,125,323
2014-08-15,145,282
2014-08-16,156,333
2014-08-17,155,257
2014-08-18,177,297
2014-08-19,132,235
2014-08-20,166,287
2014-08-21,130,247
2014-08-22,168,315
2014-08-23,169,308
2014-08-24,145,256
2014-08-25,168,255
2014-08-26,139,289
2014-08-27,146,255
2014-08-28,125,255
2014-08-29,199,303
2014-08-30,0,295
2014-08-31,122,256
2014-09-01,119,259
2014-09-02,0,248
2014-09-03,138,247
2014-09-04,204,269
2014-09-05,150,292
2014-09-06,182,251
2014-09-07,107,246
2014-09-08,180,218
2014-09-09,177,256
2014-09-10,169,293
2014-09-11,135,269
2014-09-12,163,257
2014-09-13,154,263
2014-09-14,154,242
2014-09-15,113,274
2014-09-16,158,248
2014-09-17,158,237
2014-09-18,165,247
2014-09-19,166,298
2014-09-20,0,334
2014-09-21,151,284
2014-09-22,157,242
2014-09-23,153,272
2014-09-24,134,259
2014-09-25,133,250
2014-09-26,160,307
2014-09-27,180,317
2014-09-28,135,251
2014-09-29,157,254
2014-09-30,170,232
2014-10-01,138,308
2014-10-02,152,246
2014-10-03,139,312
2014-10-04,148,336
2014-10-05,151,281
2014-10-06,138,258
2014-10-07,133,326
2014-10-08,143,250
2014-10-09,155,307
2014-10-10,121,339
2014-10-11,158,363
2014-10-12,136,278
2014-10-13,181,252
2014-10-14,164,283
2014-10-15,104,317
2014-10-16,146,274
2014-10-17,124,314
2014-10-18,0,305
2014-10-19,136,262
2014-10-20,120,279
2014-10-21,153,260
2014-10-22,124,274
2014-10-23,152,286
2014-10-24,171,306
2014-10-25,129,331
2014-10-26,112,280
2014-10-27,86,287
2014-10-28,132,284
2014-10-29,129,365
2014-10-30,118,269
2014-10-31,119,308
2014-11-01,132,344
2014-11-02,123,247
2014-11-03,91,273
2014-11-04,138,258
2014-11-05,108,310
2014-11-06,140,264
2014-11-07,131,302
2014-11-08,117,306
2014-11-09,110,282
2014-11-10,138,279
2014-11-11,126,250
2014-11-12,0,283
2014-11-13,126,250
2014-11-14,100,370
2014-11-15,0,331
2014-11-16,116,257
2014-11-17,96,260
2014-11-18,112,310
2014-11-19,110,251
2014-11-20,87,280
2014-11-21,0,320
2014-11-22,121,329
2014-11-23,131,292
2014-11-24,128,287
2014-11-25,0,291
2014-11-26,159,295
2014-11-27,98,214
2014-11-28,0,324
2014-11-29,102,290
2014-11-30,107,214
2014-12-01,137,291
2014-12-02,114,243
2014-12-03,89,241
2014-12-04,84,273
2014-12-05,113,328
2014-12-06,92,303
2014-12-07,90,272
2014-12-08,0,321
2014-12-09,114,282
2014-12-10,94,317
2014-12-11,80,242
2014-12-12,101,332
2014-12-13,107,308
2014-12-14,97,280
2014-12-15,85,281
2014-12-16,107,248
2014-12-17,93,313
2014-12-18,0,314
2014-12-19,109,342
2014-12-20,103,317
2014-12-21,114,301
2014-12-22,92,348
2014-12-23,132,294
2014-12-24,89,281
2014-12-25,0,177
2014-12-26,127,282
2014-12-27,97,279
2014-12-28,117,244
2014-12-29,0,318
2014-12-30,93,284
2014-12-31,116,285
2015-01-01,145,383
2015-01-02,94,306
2015-01-03,141,287
2015-01-04,97,228
2015-01-05,151,298
2015-01-06,121,287
2015-01-07,132,258
2015-01-08,132,255
2015-01-09,170,330
2015-01-10,119,298
2015-01-11,129,236
2015-01-12,132,294
2015-01-13,120,300
2015-01-14,168,300
2015-01-15,171,320
2015-01-16,125,348
2015-01-17,164,323
2015-01-18,123,276
2015-01-19,151,330
2015-01-20,139,297
2015-01-21,134,266
2015-01-22,130,292
2015-01-23,132,310
2015-01-24,126,323
2015-01-25,79,282
2015-01-26,104,267
2015-01-27,125,340
2015-01-28,128,313
2015-01-29,156,285
2015-01-30,139,318
2015-01-31,146,301
2015-02-01,121,333
2015-02-02,136,326
2015-02-03,132,311
2015-02-04,180,320
2015-02-05,86,297
2015-02-06,117,306
2015-02-07,0,246
2015-02-08,138,253
2015-02-09,0,277
2015-02-10,130,296
2015-02-11,125,290
2015-02-12,125,276
2015-02-13,129,327
2015-02-14,126,314
2015-02-15,119,291
2015-02-16,158,275
2015-02-17,126,301
2015-02-18,146,297
2015-02-19,99,281
2015-02-20,158,369
2015-02-21,133,318
2015-02-22,125,320
2015-02-23,152,344
2015-02-24,168,263
2015-02-25,173,277
2015-02-26,142,298
2015-02-27,118,320
2015-02-28,139,320
2015-03-01,153,311
2015-03-02,123,288
2015-03-03,143,315
2015-03-04,160,304
2015-03-05,169,267
2015-03-06,118,354
2015-03-07,140,338
2015-03-08,124,287
2015-03-09,164,294
2015-03-10,130,289
2015-03-11,0,307
2015-03-12,136,290
2015-03-13,125,378
2015-03-14,133,322
2015-03-15,127,346
2015-03-16,104,323
2015-03-17,141,301
2015-03-18,0,270
2015-03-19,132,309
2015-03-20,166,313
2015-03-21,124,283
2015-03-22,131,297
2015-03-23,0,307
2015-03-24,140,295
2015-03-25,180,341
2015-03-26,135,298
2015-03-27,120,364
2015-03-28,127,376
2015-03-29,98,317
2015-03-30,99,332
2015-03-31,112,296
2015-04-01,120,320
2015-04-02,108,332
2015-04-03,112,349
2015-04-04,131,304
2015-04-05,108,274
2015-04-06,0,287
2015-04-07,99,288
2015-04-08,101,304
2015-04-09,0,310
2015-04-10,106,341
2015-04-11,124,335
2015-04-12,128,276
2015-04-13,127,289
2015-04-14,94,284
2015-04-15,156,325
2015-04-16,120,300
2015-04-17,122,347
2015-04-18,105,358
2015-04-19,121,339
2015-04-20,102,306
2015-04-21,128,266
2015-04-22,164,297
2015-04-23,94,263
2015-04-24,0,369
2015-04-25,108,309
2015-04-26,0,309
2015-04-27,137,277
2015-04-28,111,286
2015-04-29,132,332
2015-04-30,153,302
2015-05-01,102,359
2015-05-02,0,287
2015-05-03,0,302
2015-05-04,129,261
2015-05-05,156,284
2015-05-06,96,349
2015-05-07,141,354
2015-05-08,0,353
2015-05-09,120,286
2015-05-10,98,265
2015-05-11,129,325
2015-05-12,105,282
2015-05-13,96,307
2015-05-14,0,337
2015-05-15,130,351
2015-05-16,147,317
2015-05-17,143,349
2015-05-18,114,294
2015-05-19,0,320
2015-05-20,93,332
2015-05-21,107,320
2015-05-22,141,392
2015-05-23,120,368
2015-05-24,108,297
2015-05-25,148,277
2015-05-26,0,279
2015-05-27,121,325
2015-05-28,112,307
2015-05-29,108,336
2015-05-30,150,365
2015-05-31,101,308
2015-06-01,153,356
2015-06-02,124,316
2015-06-03,125,306
2015-06-04,83,255
2015-06-05,131,341
2015-06-06,106,361
2015-06-07,108,291
2015-06-08,120,282
2015-06-09,157,273
2015-06-10,0,318
2015-06-11,122,322
2015-06-12,167,327
2015-06-13,92,330
2015-06-14,99,296
2015-06-15,152,307
2015-06-16,124,319
2015-06-17,0,297
2015-06-18,101,277
2015-06-19,94,324
2015-06-20,107,334
2015-06-21,126,290
2015-06-22,91,314
2015-06-23,0,290
2015-06-24,111,349
2015-06-25,120,321
2015-06-26,136,362
2015-06-27,150,351
2015-06-28,146,447
2015-06-29,0,293
2015-06-30,87,264
2015-07-01,148,325
2015-07-02,114,290
2015-07-03,138,295
2015-07-04,118,295
2015-07-05,133,263
2015-07-06,0,309
2015-07-07,124,293
2015-07-08,92,283
2015-07-09,133,255
2015-07-10,132,325
2015-07-11,136,336
2015-07-12,131,301
2015-07-13,111,261
2015-07-14,111,265
2015-07-15,131,319
2015-07-16,85,314
2015-07-17,128,348
2015-07-18,96,325
2015-07-19,0,284
2015-07-20,150,303
2015-07-21,145,279
2015-07-22,101,327
2015-07-23,0,326
2015-07-24,109,357
2015-07-25,128,346
2015-07-26,120,304
2015-07-27,125,290
2015-07-28,0,290
2015-07-29,108,290
2015-07-30,116,288
2015-07-31,111,318
2015-08-01,0,337
2015-08-02,125,270
2015-08-03,141,304
2015-08-04,133,254
2015-08-05,154,321
2015-08-06,104,289
2015-08-07,152,379
2015-08-08,114,367
2015-08-09,90,289
2015-08-10,0,299
2015-08-11,121,302
2015-08-12,123,287
2015-08-13,176,281
2015-08-14,130,324
2015-08-15,141,304
2015-08-16,0,266
2015-08-17,151,295
2015-08-18,125,299
2015-08-19,135,290
2015-08-20,0,317
2015-08-21,120,375
2015-08-22,145,306
2015-08-23,119,275
2015-08-24,116,319
2015-08-25,149,251
2015-08-26,135,305
2015-08-27,0,285
2015-08-28,151,381
2015-08-29,113,327
2015-08-30,167,282
2015-08-31,0,263
2015-09-01,0,336
2015-09-02,115,320
2015-09-03,147,263
2015-09-04,121,330
2015-09-05,122,342
2015-09-06,110,287
2015-09-07,130,270
2015-09-08,0,264
2015-09-09,125,270
2015-09-10,100,309
2015-09-11,112,364
2015-09-12,134,341
2015-09-13,145,256
2015-09-14,99,284
2015-09-15,94,321
2015-09-16,130,305
2015-09-17,120,316
2015-09-18,117,314
2015-09-19,0,309
2015-09-20,149,279
2015-09-21,0,276
2015-09-22,128,319
2015-09-23,109,281
2015-09-24,134,326
2015-09-25,117,319
2015-09-26,134,287
2015-09-27,99,287
2015-09-28,101,308
2015-09-29,114,303
2015-09-30,118,266
2015-10-01,144,363
2015-10-02,167,307
2015-10-03,129,269
2015-10-04,82,290
2015-10-05,0,299
2015-10-06,101,291
2015-10-07,0,289
2015-10-08,112,304
2015-10-09,124,297
2015-10-10,148,322
2015-10-11,96,263
2015-10-12,131,254
2015-10-13,0,274
2015-10-14,114,265
2015-10-15,122,288
2015-10-16,116,333
2015-10-17,107,286
2015-10-18,119,258
2015-10-19,118,248
2015-10-20,144,303
2015-10-21,91,275
2015-10-22,122,241
2015-10-23,140,326
2015-10-24,136,305
2015-10-25,0,294
2015-10-26,145,287
2015-10-27,128,257
2015-10-28,138,281
2015-10-29,122,261
2015-10-30,124,273
2015-10-31,98,348
2015-11-01,164,303
2015-11-02,93,259
2015-11-03,174,237
2015-11-04,136,274
2015-11-05,146,250
2015-11-06,97,272
2015-11-07,91,247
2015-11-08,97,253
2015-11-09,0,260
2015-11-10,114,266
2015-11-11,113,224
2015-11-12,119,253
2015-11-13,95,310
2015-11-14,120,279
2015-11-15,116,278
2015-11-16,109,270
2015-11-17,0,242
2015-11-18,153,249
2015-11-19,140,249
2015-11-20,149,290
2015-11-21,121,298
2015-11-22,119,250
2015-11-23,0,236
2015-11-24,0,280
2015-11-25,114,304
2015-11-26,112,181
2015-11-27,116,275
2015-11-28,148,233
2015-11-29,141,208
2015-11-30,133,268
2015-12-01,132,235
2015-12-02,129,229
2015-12-03,121,249
2015-12-04,116,284
2015-12-05,75,279
2015-12-06,107,249
2015-12-07,82,256
2015-12-08,94,266
2015-12-09,109,236
2015-12-10,0,252
2015-12-11,85,232
2015-12-12,91,220
2015-12-13,0,186
2015-12-14,0,197
