"i","Date","Solved","Not Solved"
"1",2003-01-02,2,3
"2",2003-01-03,1,5
"3",2003-01-04,1,1
"4",2003-01-05,9,0
"5",2003-01-06,2,0
"6",2003-01-07,3,0
"7",2003-01-08,3,1
"8",2003-01-09,1,2
"9",2003-01-10,1,4
"10",2003-01-11,2,1
"11",2003-01-12,1,2
"12",2003-01-14,1,2
"13",2003-01-15,4,2
"14",2003-01-16,4,0
"15",2003-01-17,1,0
"16",2003-01-18,2,2
"17",2003-01-19,2,0
"18",2003-01-20,2,4
"19",2003-01-21,4,1
"20",2003-01-22,3,0
"21",2003-01-23,2,0
"22",2003-01-24,2,1
"23",2003-01-25,1,2
"24",2003-01-26,5,1
"25",2003-01-27,1,0
"26",2003-01-28,3,2
"27",2003-01-29,4,1
"28",2003-01-30,9,1
"29",2003-01-31,3,0
"30",2003-02-01,0,2
"31",2003-02-02,3,1
"32",2003-02-03,1,3
"33",2003-02-04,3,2
"34",2003-02-05,2,0
"35",2003-02-06,1,1
"36",2003-02-07,3,1
"37",2003-02-08,2,2
"38",2003-02-09,4,0
"39",2003-02-10,2,2
"40",2003-02-11,6,1
"41",2003-02-12,2,1
"42",2003-02-13,2,1
"43",2003-02-14,3,1
"44",2003-02-15,5,2
"45",2003-02-16,2,1
"46",2003-02-17,3,1
"47",2003-02-18,3,1
"48",2003-02-19,0,2
"49",2003-02-20,4,2
"50",2003-02-21,5,0
"51",2003-02-22,4,1
"52",2003-02-23,1,1
"53",2003-02-24,3,0
"54",2003-02-25,1,1
"55",2003-02-26,6,4
"56",2003-02-27,7,2
"57",2003-02-28,7,0
"58",2003-03-01,2,1
"59",2003-03-02,3,0
"60",2003-03-03,2,2
"61",2003-03-04,3,3
"62",2003-03-05,6,3
"63",2003-03-06,1,0
"64",2003-03-07,0,1
"65",2003-03-08,2,1
"66",2003-03-09,2,3
"67",2003-03-10,2,2
"68",2003-03-11,2,1
"69",2003-03-12,5,3
"70",2003-03-13,2,1
"71",2003-03-14,2,1
"72",2003-03-15,1,3
"73",2003-03-16,1,2
"74",2003-03-17,3,0
"75",2003-03-18,4,3
"76",2003-03-19,4,0
"77",2003-03-20,3,0
"78",2003-03-21,0,2
"79",2003-03-22,2,0
"80",2003-03-23,2,5
"81",2003-03-24,0,1
"82",2003-03-25,3,0
"83",2003-03-26,4,1
"84",2003-03-27,2,3
"85",2003-03-28,1,1
"86",2003-03-29,2,1
"87",2003-03-30,0,1
"88",2003-03-31,1,0
"89",2003-04-01,2,2
"90",2003-04-02,1,1
"91",2003-04-03,6,2
"92",2003-04-04,0,2
"93",2003-04-05,4,3
"94",2003-04-06,2,3
"95",2003-04-07,2,2
"96",2003-04-08,4,1
"97",2003-04-09,2,2
"98",2003-04-10,1,1
"99",2003-04-11,4,5
"100",2003-04-12,1,2
"101",2003-04-13,0,2
"102",2003-04-14,3,0
"103",2003-04-15,3,2
"104",2003-04-16,4,0
"105",2003-04-17,0,1
"106",2003-04-18,1,1
"107",2003-04-19,1,1
"108",2003-04-20,0,4
"109",2003-04-21,1,0
"110",2003-04-22,2,1
"111",2003-04-23,3,2
"112",2003-04-24,6,1
"113",2003-04-25,1,0
"114",2003-04-26,5,0
"115",2003-04-27,1,1
"116",2003-04-28,1,1
"117",2003-04-29,2,1
"118",2003-04-30,2,0
"119",2003-05-01,2,0
"120",2003-05-02,3,0
"121",2003-05-03,1,0
"122",2003-05-04,1,0
"123",2003-05-05,2,0
"124",2003-05-06,2,0
"125",2003-05-07,5,1
"126",2003-05-08,1,1
"127",2003-05-09,2,0
"128",2003-05-10,0,2
"129",2003-05-11,1,1
"130",2003-05-12,1,1
"131",2003-05-13,2,2
"132",2003-05-14,3,3
"133",2003-05-15,3,0
"134",2003-05-16,4,1
"135",2003-05-17,2,4
"136",2003-05-18,4,0
"137",2003-05-19,3,1
"138",2003-05-20,3,2
"139",2003-05-21,2,1
"140",2003-05-22,2,2
"141",2003-05-23,1,0
"142",2003-05-24,0,1
"143",2003-05-25,0,2
"144",2003-05-26,0,1
"145",2003-05-27,4,2
"146",2003-05-28,1,1
"147",2003-05-29,2,1
"148",2003-05-30,1,1
"149",2003-05-31,1,1
"150",2003-06-01,2,1
"151",2003-06-02,1,0
"152",2003-06-03,4,1
"153",2003-06-04,3,4
"154",2003-06-05,1,2
"155",2003-06-06,4,2
"156",2003-06-07,1,1
"157",2003-06-08,4,1
"158",2003-06-09,3,0
"159",2003-06-10,3,2
"160",2003-06-11,2,0
"161",2003-06-13,2,3
"162",2003-06-14,3,0
"163",2003-06-15,3,0
"164",2003-06-16,1,1
"165",2003-06-18,0,1
"166",2003-06-19,1,0
"167",2003-06-20,3,2
"168",2003-06-21,0,1
"169",2003-06-23,3,1
"170",2003-06-24,2,2
"171",2003-06-25,2,0
"172",2003-06-26,0,3
"173",2003-06-27,4,0
"174",2003-06-28,1,0
"175",2003-06-29,1,1
"176",2003-06-30,2,1
"177",2003-07-01,5,2
"178",2003-07-02,2,2
"179",2003-07-03,0,2
"180",2003-07-04,2,2
"181",2003-07-05,2,2
"182",2003-07-06,3,0
"183",2003-07-07,1,0
"184",2003-07-08,0,2
"185",2003-07-09,4,1
"186",2003-07-10,2,0
"187",2003-07-11,2,1
"188",2003-07-12,1,1
"189",2003-07-13,1,0
"190",2003-07-14,1,2
"191",2003-07-15,2,0
"192",2003-07-16,2,2
"193",2003-07-18,3,2
"194",2003-07-21,1,1
"195",2003-07-22,1,2
"196",2003-07-23,2,0
"197",2003-07-25,2,1
"198",2003-07-26,1,0
"199",2003-07-27,4,0
"200",2003-07-28,1,0
"201",2003-07-29,0,1
"202",2003-07-30,2,0
"203",2003-07-31,1,1
"204",2003-08-01,2,0
"205",2003-08-02,2,3
"206",2003-08-03,3,0
"207",2003-08-04,3,2
"208",2003-08-05,3,3
"209",2003-08-06,1,0
"210",2003-08-07,4,0
"211",2003-08-08,2,0
"212",2003-08-09,5,2
"213",2003-08-10,2,1
"214",2003-08-11,0,1
"215",2003-08-12,0,5
"216",2003-08-13,5,2
"217",2003-08-14,0,1
"218",2003-08-15,3,3
"219",2003-08-17,3,0
"220",2003-08-19,1,0
"221",2003-08-20,3,1
"222",2003-08-21,3,1
"223",2003-08-22,3,2
"224",2003-08-23,1,1
"225",2003-08-24,0,1
"226",2003-08-25,1,2
"227",2003-08-26,3,0
"228",2003-08-27,2,2
"229",2003-08-28,4,0
"230",2003-08-29,1,0
"231",2003-08-30,8,2
"232",2003-08-31,1,1
"233",2003-09-01,2,3
"234",2003-09-02,4,1
"235",2003-09-03,1,2
"236",2003-09-04,3,0
"237",2003-09-05,5,0
"238",2003-09-06,2,3
"239",2003-09-07,1,0
"240",2003-09-08,5,0
"241",2003-09-10,3,3
"242",2003-09-11,4,0
"243",2003-09-12,3,1
"244",2003-09-13,1,0
"245",2003-09-14,2,1
"246",2003-09-15,2,1
"247",2003-09-16,2,1
"248",2003-09-17,4,4
"249",2003-09-18,3,0
"250",2003-09-19,2,3
"251",2003-09-20,2,0
"252",2003-09-21,2,2
"253",2003-09-22,5,2
"254",2003-09-23,2,1
"255",2003-09-24,5,2
"256",2003-09-25,1,1
"257",2003-09-26,1,1
"258",2003-09-27,4,1
"259",2003-09-28,7,1
"260",2003-09-29,3,0
"261",2003-09-30,1,0
"262",2003-10-01,2,1
"263",2003-10-02,7,1
"264",2003-10-03,1,2
"265",2003-10-04,1,2
"266",2003-10-05,2,0
"267",2003-10-06,5,1
"268",2003-10-07,5,2
"269",2003-10-08,1,5
"270",2003-10-09,1,2
"271",2003-10-10,1,1
"272",2003-10-11,4,2
"273",2003-10-12,2,1
"274",2003-10-13,2,1
"275",2003-10-14,2,1
"276",2003-10-15,2,1
"277",2003-10-16,4,0
"278",2003-10-17,1,3
"279",2003-10-18,1,4
"280",2003-10-19,3,3
"281",2003-10-20,2,0
"282",2003-10-21,6,1
"283",2003-10-22,5,0
"284",2003-10-23,1,0
"285",2003-10-24,4,2
"286",2003-10-25,0,1
"287",2003-10-26,0,2
"288",2003-10-27,5,0
"289",2003-10-28,2,2
"290",2003-10-29,1,1
"291",2003-10-30,2,1
"292",2003-10-31,2,0
"293",2003-11-01,3,2
"294",2003-11-02,3,4
"295",2003-11-03,1,1
"296",2003-11-04,5,3
"297",2003-11-05,3,1
"298",2003-11-06,2,0
"299",2003-11-07,2,2
"300",2003-11-08,1,4
"301",2003-11-09,3,0
"302",2003-11-10,2,0
"303",2003-11-11,3,2
"304",2003-11-12,7,1
"305",2003-11-13,1,1
"306",2003-11-14,2,2
"307",2003-11-15,3,2
"308",2003-11-16,0,4
"309",2003-11-17,3,1
"310",2003-11-18,4,1
"311",2003-11-19,5,0
"312",2003-11-20,2,3
"313",2003-11-21,3,1
"314",2003-11-22,2,0
"315",2003-11-23,5,1
"316",2003-11-25,4,0
"317",2003-11-26,2,1
"318",2003-11-27,2,1
"319",2003-11-28,3,2
"320",2003-11-29,1,0
"321",2003-11-30,1,0
"322",2003-12-01,0,1
"323",2003-12-02,3,3
"324",2003-12-03,3,4
"325",2003-12-04,4,0
"326",2003-12-05,4,5
"327",2003-12-06,5,2
"328",2003-12-07,3,0
"329",2003-12-08,1,1
"330",2003-12-09,1,2
"331",2003-12-10,3,1
"332",2003-12-11,2,2
"333",2003-12-12,4,2
"334",2003-12-14,1,0
"335",2003-12-15,2,1
"336",2003-12-16,2,1
"337",2003-12-17,4,3
"338",2003-12-18,3,1
"339",2003-12-19,1,1
"340",2003-12-20,2,1
"341",2003-12-21,4,2
"342",2003-12-22,2,0
"343",2003-12-23,0,1
"344",2003-12-24,3,0
"345",2003-12-25,1,0
"346",2003-12-26,3,1
"347",2003-12-27,2,1
"348",2003-12-28,0,2
"349",2003-12-29,1,1
"350",2003-12-30,1,3
"351",2003-12-31,0,2
"352",2004-01-01,1,2
"353",2004-01-02,4,1
"354",2004-01-04,1,1
"355",2004-01-05,2,1
"356",2004-01-06,1,1
"357",2004-01-07,2,0
"358",2004-01-08,1,0
"359",2004-01-09,2,0
"360",2004-01-10,0,1
"361",2004-01-11,0,1
"362",2004-01-12,4,1
"363",2004-01-13,5,1
"364",2004-01-14,1,1
"365",2004-01-15,3,3
"366",2004-01-16,0,3
"367",2004-01-17,0,1
"368",2004-01-18,4,1
"369",2004-01-19,4,0
"370",2004-01-20,4,1
"371",2004-01-21,1,0
"372",2004-01-22,5,0
"373",2004-01-23,6,1
"374",2004-01-24,4,3
"375",2004-01-25,1,0
"376",2004-01-26,1,1
"377",2004-01-27,3,1
"378",2004-01-28,4,0
"379",2004-01-29,3,0
"380",2004-01-30,3,3
"381",2004-01-31,6,0
"382",2004-02-01,4,1
"383",2004-02-02,1,1
"384",2004-02-03,1,1
"385",2004-02-04,5,2
"386",2004-02-05,2,3
"387",2004-02-06,3,1
"388",2004-02-07,6,2
"389",2004-02-08,3,0
"390",2004-02-09,2,0
"391",2004-02-10,1,1
"392",2004-02-11,1,0
"393",2004-02-12,1,1
"394",2004-02-13,2,0
"395",2004-02-14,0,3
"396",2004-02-15,1,1
"397",2004-02-17,3,0
"398",2004-02-18,3,2
"399",2004-02-19,10,1
"400",2004-02-20,3,0
"401",2004-02-21,4,0
"402",2004-02-22,2,0
"403",2004-02-23,6,1
"404",2004-02-24,2,0
"405",2004-02-25,2,0
"406",2004-02-26,0,3
"407",2004-02-27,2,1
"408",2004-02-28,5,2
"409",2004-02-29,5,3
"410",2004-03-01,3,2
"411",2004-03-02,3,2
"412",2004-03-03,2,2
"413",2004-03-04,5,1
"414",2004-03-05,2,4
"415",2004-03-06,7,0
"416",2004-03-07,0,1
"417",2004-03-08,2,1
"418",2004-03-09,0,1
"419",2004-03-10,2,3
"420",2004-03-11,1,1
"421",2004-03-12,2,1
"422",2004-03-13,2,6
"423",2004-03-14,3,3
"424",2004-03-15,1,1
"425",2004-03-16,2,3
"426",2004-03-17,3,2
"427",2004-03-18,0,2
"428",2004-03-19,9,1
"429",2004-03-20,4,2
"430",2004-03-21,1,0
"431",2004-03-22,1,2
"432",2004-03-23,2,0
"433",2004-03-24,1,2
"434",2004-03-25,4,2
"435",2004-03-26,0,2
"436",2004-03-27,7,2
"437",2004-03-28,3,0
"438",2004-03-29,2,0
"439",2004-03-30,1,1
"440",2004-03-31,1,1
"441",2004-04-01,1,4
"442",2004-04-02,5,3
"443",2004-04-03,5,3
"444",2004-04-04,3,0
"445",2004-04-05,4,2
"446",2004-04-06,2,5
"447",2004-04-07,0,4
"448",2004-04-08,4,2
"449",2004-04-09,3,5
"450",2004-04-10,2,1
"451",2004-04-12,0,1
"452",2004-04-13,2,3
"453",2004-04-14,1,3
"454",2004-04-15,3,1
"455",2004-04-16,2,1
"456",2004-04-17,1,1
"457",2004-04-18,2,1
"458",2004-04-19,6,0
"459",2004-04-20,3,1
"460",2004-04-21,2,4
"461",2004-04-22,1,2
"462",2004-04-23,1,0
"463",2004-04-24,0,1
"464",2004-04-25,2,1
"465",2004-04-26,2,1
"466",2004-04-27,1,1
"467",2004-04-28,3,0
"468",2004-04-29,3,2
"469",2004-04-30,3,2
"470",2004-05-01,2,0
"471",2004-05-02,1,1
"472",2004-05-03,0,1
"473",2004-05-04,3,0
"474",2004-05-05,3,2
"475",2004-05-06,3,4
"476",2004-05-07,3,1
"477",2004-05-08,5,0
"478",2004-05-09,4,1
"479",2004-05-10,2,4
"480",2004-05-11,1,0
"481",2004-05-12,1,1
"482",2004-05-13,3,1
"483",2004-05-14,1,1
"484",2004-05-15,7,2
"485",2004-05-16,1,2
"486",2004-05-17,1,3
"487",2004-05-18,3,1
"488",2004-05-19,1,2
"489",2004-05-20,3,4
"490",2004-05-21,3,1
"491",2004-05-22,1,1
"492",2004-05-23,2,0
"493",2004-05-25,2,0
"494",2004-05-26,0,3
"495",2004-05-27,7,2
"496",2004-05-28,2,0
"497",2004-05-29,5,1
"498",2004-05-30,6,0
"499",2004-05-31,3,0
"500",2004-06-01,3,0
"501",2004-06-02,3,2
"502",2004-06-03,0,1
"503",2004-06-04,7,0
"504",2004-06-05,6,0
"505",2004-06-06,2,1
"506",2004-06-07,2,0
"507",2004-06-08,1,2
"508",2004-06-09,2,2
"509",2004-06-10,2,2
"510",2004-06-11,2,0
"511",2004-06-12,2,1
"512",2004-06-13,4,0
"513",2004-06-14,2,0
"514",2004-06-15,1,2
"515",2004-06-16,1,1
"516",2004-06-17,1,0
"517",2004-06-18,2,1
"518",2004-06-19,3,2
"519",2004-06-20,6,1
"520",2004-06-21,3,0
"521",2004-06-22,1,3
"522",2004-06-23,3,1
"523",2004-06-24,4,2
"524",2004-06-25,0,1
"525",2004-06-26,3,1
"526",2004-06-28,0,2
"527",2004-06-29,2,1
"528",2004-06-30,1,1
"529",2004-07-01,2,0
"530",2004-07-02,3,1
"531",2004-07-03,4,1
"532",2004-07-04,5,2
"533",2004-07-05,3,2
"534",2004-07-06,1,0
"535",2004-07-07,4,3
"536",2004-07-08,4,2
"537",2004-07-09,2,1
"538",2004-07-10,5,0
"539",2004-07-11,2,0
"540",2004-07-12,2,1
"541",2004-07-13,2,1
"542",2004-07-14,3,1
"543",2004-07-15,3,1
"544",2004-07-16,1,0
"545",2004-07-17,3,0
"546",2004-07-18,1,0
"547",2004-07-19,0,1
"548",2004-07-20,2,0
"549",2004-07-21,2,0
"550",2004-07-22,4,0
"551",2004-07-24,2,1
"552",2004-07-25,4,0
"553",2004-07-26,2,0
"554",2004-07-27,1,0
"555",2004-07-28,3,1
"556",2004-07-29,2,1
"557",2004-07-30,1,1
"558",2004-07-31,1,0
"559",2004-08-01,1,2
"560",2004-08-03,1,1
"561",2004-08-04,4,1
"562",2004-08-05,3,0
"563",2004-08-06,1,1
"564",2004-08-07,1,0
"565",2004-08-08,3,1
"566",2004-08-09,2,0
"567",2004-08-10,1,0
"568",2004-08-11,2,1
"569",2004-08-12,1,2
"570",2004-08-13,2,1
"571",2004-08-14,1,2
"572",2004-08-15,1,1
"573",2004-08-16,2,0
"574",2004-08-17,4,0
"575",2004-08-18,0,4
"576",2004-08-19,1,0
"577",2004-08-20,3,1
"578",2004-08-22,2,0
"579",2004-08-23,2,1
"580",2004-08-24,2,1
"581",2004-08-25,7,0
"582",2004-08-26,0,1
"583",2004-08-27,1,0
"584",2004-08-28,0,3
"585",2004-08-30,4,1
"586",2004-08-31,3,0
"587",2004-09-01,1,1
"588",2004-09-02,2,1
"589",2004-09-03,3,0
"590",2004-09-04,2,2
"591",2004-09-05,2,3
"592",2004-09-06,2,1
"593",2004-09-08,3,2
"594",2004-09-09,2,3
"595",2004-09-10,3,0
"596",2004-09-11,2,0
"597",2004-09-12,0,1
"598",2004-09-13,2,3
"599",2004-09-14,4,1
"600",2004-09-15,2,3
"601",2004-09-16,1,0
"602",2004-09-17,4,0
"603",2004-09-18,5,2
"604",2004-09-19,3,1
"605",2004-09-20,1,1
"606",2004-09-21,2,1
"607",2004-09-22,1,0
"608",2004-09-23,2,2
"609",2004-09-24,1,1
"610",2004-09-25,0,2
"611",2004-09-26,1,0
"612",2004-09-27,3,0
"613",2004-09-28,2,1
"614",2004-09-29,0,3
"615",2004-09-30,0,1
"616",2004-10-02,2,2
"617",2004-10-03,3,0
"618",2004-10-04,1,5
"619",2004-10-05,2,3
"620",2004-10-06,2,0
"621",2004-10-07,2,0
"622",2004-10-08,3,1
"623",2004-10-09,5,0
"624",2004-10-10,1,0
"625",2004-10-11,3,2
"626",2004-10-12,2,0
"627",2004-10-13,0,4
"628",2004-10-14,4,0
"629",2004-10-15,4,2
"630",2004-10-16,1,2
"631",2004-10-17,1,0
"632",2004-10-18,3,1
"633",2004-10-19,1,1
"634",2004-10-20,5,1
"635",2004-10-21,5,1
"636",2004-10-22,3,1
"637",2004-10-23,1,0
"638",2004-10-24,1,0
"639",2004-10-25,5,0
"640",2004-10-26,2,0
"641",2004-10-27,4,1
"642",2004-10-28,1,0
"643",2004-10-29,1,0
"644",2004-10-30,3,3
"645",2004-10-31,2,1
"646",2004-11-01,2,3
"647",2004-11-02,2,0
"648",2004-11-03,1,1
"649",2004-11-04,3,3
"650",2004-11-06,1,1
"651",2004-11-07,6,0
"652",2004-11-08,1,2
"653",2004-11-09,1,0
"654",2004-11-10,1,1
"655",2004-11-11,6,3
"656",2004-11-12,4,3
"657",2004-11-14,2,1
"658",2004-11-15,2,2
"659",2004-11-16,1,4
"660",2004-11-17,2,1
"661",2004-11-18,3,0
"662",2004-11-19,2,1
"663",2004-11-20,2,3
"664",2004-11-21,1,1
"665",2004-11-22,2,0
"666",2004-11-23,3,0
"667",2004-11-24,2,0
"668",2004-11-25,4,0
"669",2004-11-26,2,1
"670",2004-11-27,3,0
"671",2004-11-29,0,1
"672",2004-11-30,2,0
"673",2004-12-01,2,1
"674",2004-12-02,3,2
"675",2004-12-03,2,2
"676",2004-12-04,5,1
"677",2004-12-05,2,3
"678",2004-12-06,0,1
"679",2004-12-07,3,0
"680",2004-12-09,1,1
"681",2004-12-10,5,2
"682",2004-12-11,5,2
"683",2004-12-12,2,1
"684",2004-12-13,3,1
"685",2004-12-14,0,1
"686",2004-12-15,0,1
"687",2004-12-16,1,3
"688",2004-12-17,1,0
"689",2004-12-18,3,5
"690",2004-12-19,0,2
"691",2004-12-20,2,1
"692",2004-12-22,1,1
"693",2004-12-23,3,0
"694",2004-12-24,5,1
"695",2004-12-25,3,2
"696",2004-12-26,2,0
"697",2004-12-27,2,1
"698",2004-12-28,1,0
"699",2004-12-29,1,1
"700",2004-12-30,7,4
"701",2004-12-31,1,2
"702",2005-01-01,4,0
"703",2005-01-02,2,1
"704",2005-01-03,2,1
"705",2005-01-04,2,1
"706",2005-01-05,2,1
"707",2005-01-07,1,0
"708",2005-01-08,2,1
"709",2005-01-09,3,1
"710",2005-01-10,1,0
"711",2005-01-11,0,1
"712",2005-01-12,6,0
"713",2005-01-13,3,0
"714",2005-01-14,3,1
"715",2005-01-15,1,1
"716",2005-01-16,0,1
"717",2005-01-17,2,2
"718",2005-01-18,2,2
"719",2005-01-19,1,2
"720",2005-01-20,5,3
"721",2005-01-21,5,1
"722",2005-01-22,4,1
"723",2005-01-23,1,1
"724",2005-01-24,3,0
"725",2005-01-25,1,5
"726",2005-01-26,0,2
"727",2005-01-27,4,1
"728",2005-01-28,4,4
"729",2005-01-29,2,1
"730",2005-01-30,3,3
"731",2005-01-31,3,1
"732",2005-02-01,4,4
"733",2005-02-02,2,1
"734",2005-02-03,2,2
"735",2005-02-04,3,0
"736",2005-02-05,5,3
"737",2005-02-06,4,1
"738",2005-02-07,1,3
"739",2005-02-08,3,1
"740",2005-02-09,3,0
"741",2005-02-10,1,1
"742",2005-02-11,2,3
"743",2005-02-12,3,2
"744",2005-02-13,3,0
"745",2005-02-14,2,0
"746",2005-02-15,2,2
"747",2005-02-16,0,2
"748",2005-02-17,1,1
"749",2005-02-18,4,2
"750",2005-02-19,0,2
"751",2005-02-20,2,1
"752",2005-02-21,2,0
"753",2005-02-22,4,1
"754",2005-02-23,2,1
"755",2005-02-24,2,2
"756",2005-02-25,2,0
"757",2005-02-26,1,3
"758",2005-02-27,1,1
"759",2005-02-28,2,2
"760",2005-03-01,1,0
"761",2005-03-02,2,1
"762",2005-03-03,1,1
"763",2005-03-04,3,1
"764",2005-03-05,4,0
"765",2005-03-06,6,1
"766",2005-03-07,2,1
"767",2005-03-08,1,1
"768",2005-03-10,4,1
"769",2005-03-11,6,2
"770",2005-03-12,3,3
"771",2005-03-13,5,1
"772",2005-03-14,2,2
"773",2005-03-15,2,5
"774",2005-03-16,4,1
"775",2005-03-17,1,0
"776",2005-03-18,2,1
"777",2005-03-19,2,3
"778",2005-03-20,2,1
"779",2005-03-21,3,2
"780",2005-03-22,1,1
"781",2005-03-23,1,0
"782",2005-03-24,1,1
"783",2005-03-25,1,1
"784",2005-03-26,1,2
"785",2005-03-27,3,4
"786",2005-03-28,1,1
"787",2005-03-29,2,0
"788",2005-03-30,1,0
"789",2005-03-31,5,1
"790",2005-04-01,5,2
"791",2005-04-02,5,3
"792",2005-04-03,2,1
"793",2005-04-04,3,0
"794",2005-04-05,5,0
"795",2005-04-06,1,1
"796",2005-04-07,3,3
"797",2005-04-08,1,1
"798",2005-04-09,2,1
"799",2005-04-11,0,1
"800",2005-04-12,4,0
"801",2005-04-13,3,3
"802",2005-04-14,6,1
"803",2005-04-15,5,2
"804",2005-04-16,0,2
"805",2005-04-17,3,2
"806",2005-04-18,2,2
"807",2005-04-19,1,0
"808",2005-04-20,7,1
"809",2005-04-21,4,0
"810",2005-04-22,5,0
"811",2005-04-23,1,2
"812",2005-04-24,3,4
"813",2005-04-25,2,1
"814",2005-04-26,0,1
"815",2005-04-27,5,2
"816",2005-04-28,5,0
"817",2005-04-29,1,1
"818",2005-04-30,1,2
"819",2005-05-01,2,1
"820",2005-05-02,2,1
"821",2005-05-03,1,1
"822",2005-05-04,0,1
"823",2005-05-05,5,0
"824",2005-05-06,1,1
"825",2005-05-07,1,0
"826",2005-05-08,2,2
"827",2005-05-09,2,0
"828",2005-05-10,1,2
"829",2005-05-11,0,1
"830",2005-05-12,3,1
"831",2005-05-13,4,2
"832",2005-05-14,3,0
"833",2005-05-15,3,0
"834",2005-05-16,1,0
"835",2005-05-17,0,1
"836",2005-05-18,2,0
"837",2005-05-20,1,2
"838",2005-05-21,1,2
"839",2005-05-22,1,5
"840",2005-05-24,1,0
"841",2005-05-25,2,1
"842",2005-05-26,2,0
"843",2005-05-27,1,0
"844",2005-05-28,4,2
"845",2005-05-29,3,2
"846",2005-05-30,2,1
"847",2005-05-31,7,1
"848",2005-06-01,3,3
"849",2005-06-02,3,4
"850",2005-06-03,5,1
"851",2005-06-05,2,1
"852",2005-06-06,1,2
"853",2005-06-07,4,0
"854",2005-06-09,2,3
"855",2005-06-10,1,3
"856",2005-06-11,7,3
"857",2005-06-12,2,1
"858",2005-06-13,3,1
"859",2005-06-14,0,2
"860",2005-06-15,1,3
"861",2005-06-16,0,2
"862",2005-06-17,3,1
"863",2005-06-18,3,2
"864",2005-06-19,4,3
"865",2005-06-20,3,1
"866",2005-06-21,3,1
"867",2005-06-22,2,1
"868",2005-06-23,4,0
"869",2005-06-24,3,1
"870",2005-06-25,1,0
"871",2005-06-26,1,2
"872",2005-06-27,1,3
"873",2005-06-28,1,1
"874",2005-06-29,1,2
"875",2005-06-30,4,4
"876",2005-07-01,2,3
"877",2005-07-02,3,0
"878",2005-07-03,2,0
"879",2005-07-04,2,1
"880",2005-07-05,2,1
"881",2005-07-06,0,2
"882",2005-07-07,3,0
"883",2005-07-08,4,1
"884",2005-07-09,3,2
"885",2005-07-10,2,0
"886",2005-07-11,4,1
"887",2005-07-12,3,1
"888",2005-07-13,0,2
"889",2005-07-14,4,2
"890",2005-07-15,1,1
"891",2005-07-16,3,0
"892",2005-07-17,2,1
"893",2005-07-18,1,2
"894",2005-07-19,0,1
"895",2005-07-20,4,1
"896",2005-07-21,4,0
"897",2005-07-22,5,1
"898",2005-07-23,1,2
"899",2005-07-24,1,1
"900",2005-07-25,2,1
"901",2005-07-26,1,0
"902",2005-07-27,4,1
"903",2005-07-28,3,1
"904",2005-07-29,2,2
"905",2005-07-30,3,0
"906",2005-07-31,1,1
"907",2005-08-01,4,0
"908",2005-08-02,2,1
"909",2005-08-03,4,0
"910",2005-08-04,0,1
"911",2005-08-05,2,1
"912",2005-08-06,2,2
"913",2005-08-07,2,2
"914",2005-08-08,4,1
"915",2005-08-09,2,3
"916",2005-08-10,1,1
"917",2005-08-11,1,0
"918",2005-08-12,1,3
"919",2005-08-13,3,2
"920",2005-08-14,2,1
"921",2005-08-15,3,1
"922",2005-08-16,2,2
"923",2005-08-17,4,3
"924",2005-08-18,4,1
"925",2005-08-20,2,1
"926",2005-08-21,2,2
"927",2005-08-22,4,1
"928",2005-08-23,3,1
"929",2005-08-24,1,5
"930",2005-08-25,1,3
"931",2005-08-26,2,0
"932",2005-08-27,5,1
"933",2005-08-28,3,2
"934",2005-08-29,0,1
"935",2005-08-30,5,2
"936",2005-08-31,1,1
"937",2005-09-01,1,1
"938",2005-09-02,0,2
"939",2005-09-03,0,1
"940",2005-09-04,0,2
"941",2005-09-06,5,1
"942",2005-09-07,4,0
"943",2005-09-08,5,2
"944",2005-09-09,3,1
"945",2005-09-10,0,3
"946",2005-09-11,3,1
"947",2005-09-13,3,0
"948",2005-09-14,3,1
"949",2005-09-15,3,3
"950",2005-09-16,3,2
"951",2005-09-17,2,2
"952",2005-09-18,2,1
"953",2005-09-19,0,1
"954",2005-09-20,3,3
"955",2005-09-21,2,2
"956",2005-09-22,5,1
"957",2005-09-23,4,0
"958",2005-09-24,1,2
"959",2005-09-25,0,1
"960",2005-09-26,1,1
"961",2005-09-27,5,3
"962",2005-09-28,1,3
"963",2005-09-29,4,2
"964",2005-09-30,4,1
"965",2005-10-01,3,2
"966",2005-10-02,2,2
"967",2005-10-03,2,4
"968",2005-10-04,7,0
"969",2005-10-05,4,1
"970",2005-10-06,1,3
"971",2005-10-07,1,0
"972",2005-10-08,4,2
"973",2005-10-09,5,2
"974",2005-10-10,3,2
"975",2005-10-11,2,4
"976",2005-10-12,2,1
"977",2005-10-13,2,3
"978",2005-10-14,2,1
"979",2005-10-15,4,2
"980",2005-10-16,1,3
"981",2005-10-17,0,2
"982",2005-10-18,3,2
"983",2005-10-19,1,1
"984",2005-10-20,2,3
"985",2005-10-21,7,1
"986",2005-10-22,5,2
"987",2005-10-23,2,1
"988",2005-10-24,3,0
"989",2005-10-25,7,0
"990",2005-10-26,2,0
"991",2005-10-27,6,3
"992",2005-10-28,4,2
"993",2005-10-29,5,0
"994",2005-10-30,1,1
"995",2005-10-31,3,0
"996",2005-11-01,5,2
"997",2005-11-02,2,0
"998",2005-11-03,3,2
"999",2005-11-04,5,4
"1000",2005-11-05,2,1
"1001",2005-11-06,3,2
"1002",2005-11-07,2,0
"1003",2005-11-08,3,0
"1004",2005-11-09,2,3
"1005",2005-11-10,4,0
"1006",2005-11-11,0,1
"1007",2005-11-12,1,1
"1008",2005-11-13,6,1
"1009",2005-11-14,4,0
"1010",2005-11-15,6,2
"1011",2005-11-16,0,1
"1012",2005-11-17,5,1
"1013",2005-11-18,5,4
"1014",2005-11-19,2,2
"1015",2005-11-20,2,1
"1016",2005-11-21,3,1
"1017",2005-11-22,2,0
"1018",2005-11-23,2,2
"1019",2005-11-24,2,0
"1020",2005-11-25,2,3
"1021",2005-11-26,3,0
"1022",2005-11-27,3,2
"1023",2005-11-28,2,0
"1024",2005-11-29,2,0
"1025",2005-11-30,1,0
"1026",2005-12-01,2,2
"1027",2005-12-02,6,0
"1028",2005-12-03,2,2
"1029",2005-12-04,1,0
"1030",2005-12-05,3,0
"1031",2005-12-06,1,3
"1032",2005-12-07,2,1
"1033",2005-12-08,1,0
"1034",2005-12-09,1,0
"1035",2005-12-10,3,0
"1036",2005-12-11,2,0
"1037",2005-12-12,2,0
"1038",2005-12-13,5,0
"1039",2005-12-14,2,1
"1040",2005-12-15,3,0
"1041",2005-12-16,2,0
"1042",2005-12-17,4,4
"1043",2005-12-19,2,1
"1044",2005-12-20,3,1
"1045",2005-12-21,4,1
"1046",2005-12-22,2,0
"1047",2005-12-23,1,0
"1048",2005-12-24,1,0
"1049",2005-12-26,2,2
"1050",2005-12-27,0,2
"1051",2005-12-28,2,0
"1052",2005-12-31,2,1
"1053",2006-01-01,8,1
"1054",2006-01-02,0,3
"1055",2006-01-03,1,0
"1056",2006-01-04,1,2
"1057",2006-01-05,1,1
"1058",2006-01-06,3,3
"1059",2006-01-07,5,5
"1060",2006-01-08,0,1
"1061",2006-01-09,4,0
"1062",2006-01-10,3,1
"1063",2006-01-11,2,0
"1064",2006-01-12,3,1
"1065",2006-01-13,3,1
"1066",2006-01-14,3,1
"1067",2006-01-15,0,1
"1068",2006-01-16,1,0
"1069",2006-01-17,1,2
"1070",2006-01-18,1,0
"1071",2006-01-19,5,2
"1072",2006-01-20,5,1
"1073",2006-01-21,2,0
"1074",2006-01-22,2,0
"1075",2006-01-23,7,2
"1076",2006-01-24,4,1
"1077",2006-01-25,1,0
"1078",2006-01-26,1,1
"1079",2006-01-27,4,2
"1080",2006-01-28,3,2
"1081",2006-01-29,6,1
"1082",2006-01-30,3,1
"1083",2006-01-31,1,1
"1084",2006-02-01,3,0
"1085",2006-02-02,0,1
"1086",2006-02-03,1,2
"1087",2006-02-04,7,1
"1088",2006-02-05,3,1
"1089",2006-02-07,3,1
"1090",2006-02-08,3,1
"1091",2006-02-09,7,2
"1092",2006-02-10,3,2
"1093",2006-02-11,3,1
"1094",2006-02-12,1,1
"1095",2006-02-13,7,0
"1096",2006-02-14,1,1
"1097",2006-02-15,2,4
"1098",2006-02-16,3,1
"1099",2006-02-17,1,1
"1100",2006-02-18,2,0
"1101",2006-02-19,3,0
"1102",2006-02-20,4,0
"1103",2006-02-21,7,0
"1104",2006-02-22,2,2
"1105",2006-02-23,2,0
"1106",2006-02-24,2,3
"1107",2006-02-25,3,2
"1108",2006-02-26,3,2
"1109",2006-02-27,0,1
"1110",2006-02-28,2,1
"1111",2006-03-01,2,1
"1112",2006-03-02,2,0
"1113",2006-03-03,1,0
"1114",2006-03-04,3,1
"1115",2006-03-05,1,1
"1116",2006-03-06,4,1
"1117",2006-03-07,0,2
"1118",2006-03-08,3,0
"1119",2006-03-09,4,1
"1120",2006-03-10,1,2
"1121",2006-03-11,2,3
"1122",2006-03-12,1,2
"1123",2006-03-13,1,0
"1124",2006-03-16,10,1
"1125",2006-03-17,3,1
"1126",2006-03-18,3,1
"1127",2006-03-19,6,1
"1128",2006-03-20,1,2
"1129",2006-03-21,2,1
"1130",2006-03-22,5,3
"1131",2006-03-23,3,0
"1132",2006-03-24,1,4
"1133",2006-03-25,2,4
"1134",2006-03-26,3,1
"1135",2006-03-27,5,0
"1136",2006-03-28,3,0
"1137",2006-03-29,1,0
"1138",2006-03-30,2,0
"1139",2006-03-31,2,0
"1140",2006-04-01,1,3
"1141",2006-04-02,2,1
"1142",2006-04-03,2,0
"1143",2006-04-04,1,3
"1144",2006-04-05,1,3
"1145",2006-04-06,5,5
"1146",2006-04-07,2,1
"1147",2006-04-08,3,3
"1148",2006-04-09,2,0
"1149",2006-04-10,3,1
"1150",2006-04-11,2,0
"1151",2006-04-13,2,0
"1152",2006-04-14,2,0
"1153",2006-04-15,3,1
"1154",2006-04-16,5,1
"1155",2006-04-17,2,1
"1156",2006-04-18,1,1
"1157",2006-04-19,4,3
"1158",2006-04-20,3,1
"1159",2006-04-21,2,0
"1160",2006-04-22,3,2
"1161",2006-04-23,3,1
"1162",2006-04-24,1,0
"1163",2006-04-25,5,2
"1164",2006-04-26,2,2
"1165",2006-04-27,1,0
"1166",2006-04-28,3,2
"1167",2006-04-29,1,3
"1168",2006-04-30,4,2
"1169",2006-05-01,5,2
"1170",2006-05-02,2,1
"1171",2006-05-03,2,1
"1172",2006-05-04,0,1
"1173",2006-05-05,3,1
"1174",2006-05-06,3,1
"1175",2006-05-07,1,1
"1176",2006-05-08,2,0
"1177",2006-05-10,3,2
"1178",2006-05-11,2,0
"1179",2006-05-12,0,1
"1180",2006-05-13,1,6
"1181",2006-05-14,1,3
"1182",2006-05-16,5,1
"1183",2006-05-18,1,2
"1184",2006-05-19,2,3
"1185",2006-05-20,2,2
"1186",2006-05-21,2,2
"1187",2006-05-22,2,1
"1188",2006-05-23,1,1
"1189",2006-05-24,1,0
"1190",2006-05-25,5,3
"1191",2006-05-26,4,3
"1192",2006-05-27,6,2
"1193",2006-05-28,1,1
"1194",2006-05-29,3,1
"1195",2006-05-30,2,3
"1196",2006-05-31,2,1
"1197",2006-06-01,1,3
"1198",2006-06-02,2,2
"1199",2006-06-03,1,0
"1200",2006-06-04,2,0
"1201",2006-06-05,7,1
"1202",2006-06-06,8,1
"1203",2006-06-07,3,1
"1204",2006-06-08,4,1
"1205",2006-06-09,3,0
"1206",2006-06-10,1,2
"1207",2006-06-11,3,1
"1208",2006-06-12,3,3
"1209",2006-06-13,3,2
"1210",2006-06-14,3,0
"1211",2006-06-15,1,2
"1212",2006-06-16,3,1
"1213",2006-06-17,4,1
"1214",2006-06-18,2,1
"1215",2006-06-19,3,0
"1216",2006-06-20,0,2
"1217",2006-06-21,3,2
"1218",2006-06-22,2,0
"1219",2006-06-23,0,1
"1220",2006-06-24,1,2
"1221",2006-06-25,0,2
"1222",2006-06-26,2,3
"1223",2006-06-27,2,2
"1224",2006-06-28,5,2
"1225",2006-06-29,2,1
"1226",2006-06-30,5,1
"1227",2006-07-01,1,0
"1228",2006-07-02,4,0
"1229",2006-07-03,1,2
"1230",2006-07-04,1,1
"1231",2006-07-05,8,1
"1232",2006-07-06,2,2
"1233",2006-07-07,2,0
"1234",2006-07-08,3,3
"1235",2006-07-09,1,3
"1236",2006-07-10,3,1
"1237",2006-07-11,1,0
"1238",2006-07-12,0,1
"1239",2006-07-13,6,0
"1240",2006-07-14,5,0
"1241",2006-07-15,1,1
"1242",2006-07-16,4,2
"1243",2006-07-17,1,1
"1244",2006-07-18,1,1
"1245",2006-07-19,5,0
"1246",2006-07-20,1,1
"1247",2006-07-21,1,1
"1248",2006-07-22,4,0
"1249",2006-07-23,1,0
"1250",2006-07-24,1,2
"1251",2006-07-25,1,1
"1252",2006-07-26,2,2
"1253",2006-07-27,1,1
"1254",2006-07-28,1,5
"1255",2006-07-29,4,2
"1256",2006-07-30,5,1
"1257",2006-07-31,4,3
"1258",2006-08-01,4,0
"1259",2006-08-02,2,1
"1260",2006-08-03,1,1
"1261",2006-08-04,3,2
"1262",2006-08-05,1,1
"1263",2006-08-06,4,1
"1264",2006-08-07,3,0
"1265",2006-08-08,2,0
"1266",2006-08-09,4,1
"1267",2006-08-10,2,3
"1268",2006-08-11,4,2
"1269",2006-08-12,2,1
"1270",2006-08-13,2,3
"1271",2006-08-14,3,0
"1272",2006-08-15,4,1
"1273",2006-08-16,5,3
"1274",2006-08-17,8,1
"1275",2006-08-18,3,1
"1276",2006-08-19,4,3
"1277",2006-08-20,3,1
"1278",2006-08-21,1,1
"1279",2006-08-22,3,0
"1280",2006-08-23,3,0
"1281",2006-08-24,1,2
"1282",2006-08-25,1,0
"1283",2006-08-26,2,2
"1284",2006-08-27,2,1
"1285",2006-08-28,0,2
"1286",2006-08-29,5,0
"1287",2006-08-30,3,1
"1288",2006-08-31,3,0
"1289",2006-09-01,2,1
"1290",2006-09-02,1,0
"1291",2006-09-03,1,1
"1292",2006-09-04,4,2
"1293",2006-09-05,5,0
"1294",2006-09-06,5,0
"1295",2006-09-07,5,1
"1296",2006-09-08,2,1
"1297",2006-09-09,1,4
"1298",2006-09-10,3,0
"1299",2006-09-11,1,3
"1300",2006-09-12,1,0
"1301",2006-09-13,0,5
"1302",2006-09-14,1,1
"1303",2006-09-15,2,2
"1304",2006-09-16,2,2
"1305",2006-09-17,4,1
"1306",2006-09-19,1,1
"1307",2006-09-20,4,1
"1308",2006-09-21,3,2
"1309",2006-09-22,2,3
"1310",2006-09-23,4,0
"1311",2006-09-24,2,1
"1312",2006-09-25,2,0
"1313",2006-09-26,4,0
"1314",2006-09-27,2,1
"1315",2006-09-28,4,0
"1316",2006-09-29,1,2
"1317",2006-09-30,3,0
"1318",2006-10-01,2,1
"1319",2006-10-02,1,0
"1320",2006-10-03,2,0
"1321",2006-10-04,4,0
"1322",2006-10-05,1,0
"1323",2006-10-06,4,2
"1324",2006-10-07,3,1
"1325",2006-10-08,0,1
"1326",2006-10-09,3,1
"1327",2006-10-10,4,2
"1328",2006-10-11,2,2
"1329",2006-10-12,4,1
"1330",2006-10-13,2,2
"1331",2006-10-14,0,3
"1332",2006-10-15,2,1
"1333",2006-10-16,1,1
"1334",2006-10-17,4,0
"1335",2006-10-18,1,1
"1336",2006-10-19,2,0
"1337",2006-10-20,4,0
"1338",2006-10-21,5,0
"1339",2006-10-22,1,2
"1340",2006-10-23,1,1
"1341",2006-10-24,0,1
"1342",2006-10-25,0,1
"1343",2006-10-26,2,0
"1344",2006-10-27,3,1
"1345",2006-10-28,3,1
"1346",2006-10-29,1,1
"1347",2006-10-30,3,1
"1348",2006-10-31,2,2
"1349",2006-11-01,2,3
"1350",2006-11-02,0,1
"1351",2006-11-03,0,1
"1352",2006-11-04,1,2
"1353",2006-11-05,1,1
"1354",2006-11-06,2,1
"1355",2006-11-07,5,1
"1356",2006-11-08,2,1
"1357",2006-11-09,5,1
"1358",2006-11-10,3,0
"1359",2006-11-11,5,1
"1360",2006-11-12,1,0
"1361",2006-11-13,2,2
"1362",2006-11-14,0,1
"1363",2006-11-15,5,0
"1364",2006-11-16,2,0
"1365",2006-11-17,3,1
"1366",2006-11-18,2,3
"1367",2006-11-19,2,1
"1368",2006-11-20,1,0
"1369",2006-11-21,2,1
"1370",2006-11-22,1,0
"1371",2006-11-23,2,1
"1372",2006-11-24,1,2
"1373",2006-11-25,1,0
"1374",2006-11-26,2,1
"1375",2006-11-27,3,1
"1376",2006-11-28,2,0
"1377",2006-11-29,2,1
"1378",2006-12-01,3,2
"1379",2006-12-02,0,2
"1380",2006-12-03,4,3
"1381",2006-12-04,4,1
"1382",2006-12-05,2,2
"1383",2006-12-06,5,0
"1384",2006-12-07,1,0
"1385",2006-12-08,5,2
"1386",2006-12-09,2,0
"1387",2006-12-10,3,4
"1388",2006-12-11,3,2
"1389",2006-12-12,3,0
"1390",2006-12-13,4,1
"1391",2006-12-14,4,0
"1392",2006-12-15,1,3
"1393",2006-12-16,2,2
"1394",2006-12-17,0,1
"1395",2006-12-18,2,3
"1396",2006-12-19,2,2
"1397",2006-12-20,1,2
"1398",2006-12-21,5,0
"1399",2006-12-22,2,2
"1400",2006-12-23,2,0
"1401",2006-12-24,1,1
"1402",2006-12-26,3,0
"1403",2006-12-27,2,1
"1404",2006-12-28,2,1
"1405",2006-12-29,1,2
"1406",2006-12-30,4,0
"1407",2007-01-01,7,3
"1408",2007-01-02,0,2
"1409",2007-01-03,3,1
"1410",2007-01-04,3,0
"1411",2007-01-05,1,1
"1412",2007-01-06,3,1
"1413",2007-01-07,2,0
"1414",2007-01-08,2,0
"1415",2007-01-09,5,0
"1416",2007-01-10,2,1
"1417",2007-01-11,5,1
"1418",2007-01-12,1,0
"1419",2007-01-13,1,0
"1420",2007-01-14,2,2
"1421",2007-01-15,3,3
"1422",2007-01-16,1,0
"1423",2007-01-17,1,0
"1424",2007-01-18,2,2
"1425",2007-01-19,1,2
"1426",2007-01-20,3,1
"1427",2007-01-21,2,3
"1428",2007-01-22,1,1
"1429",2007-01-23,3,1
"1430",2007-01-24,4,0
"1431",2007-01-25,2,0
"1432",2007-01-26,3,0
"1433",2007-01-27,3,2
"1434",2007-01-28,1,0
"1435",2007-01-29,4,1
"1436",2007-01-30,4,0
"1437",2007-01-31,3,1
"1438",2007-02-01,4,0
"1439",2007-02-02,0,3
"1440",2007-02-03,3,3
"1441",2007-02-04,2,2
"1442",2007-02-05,3,1
"1443",2007-02-06,5,1
"1444",2007-02-07,4,2
"1445",2007-02-08,2,2
"1446",2007-02-09,1,1
"1447",2007-02-10,3,2
"1448",2007-02-11,2,2
"1449",2007-02-13,2,0
"1450",2007-02-14,7,0
"1451",2007-02-15,1,2
"1452",2007-02-16,0,1
"1453",2007-02-17,3,2
"1454",2007-02-18,2,2
"1455",2007-02-19,3,0
"1456",2007-02-20,1,0
"1457",2007-02-21,1,2
"1458",2007-02-22,1,2
"1459",2007-02-23,5,3
"1460",2007-02-24,1,2
"1461",2007-02-26,2,1
"1462",2007-02-27,4,1
"1463",2007-02-28,5,2
"1464",2007-03-01,1,0
"1465",2007-03-02,8,1
"1466",2007-03-03,4,1
"1467",2007-03-04,0,2
"1468",2007-03-05,6,0
"1469",2007-03-06,4,0
"1470",2007-03-07,5,1
"1471",2007-03-08,0,1
"1472",2007-03-09,1,0
"1473",2007-03-10,2,1
"1474",2007-03-12,1,3
"1475",2007-03-13,1,0
"1476",2007-03-14,2,1
"1477",2007-03-15,3,1
"1478",2007-03-16,4,2
"1479",2007-03-17,2,0
"1480",2007-03-19,4,0
"1481",2007-03-20,1,1
"1482",2007-03-21,1,0
"1483",2007-03-22,1,2
"1484",2007-03-23,1,0
"1485",2007-03-24,0,4
"1486",2007-03-25,2,1
"1487",2007-03-26,2,2
"1488",2007-03-27,4,2
"1489",2007-03-28,2,2
"1490",2007-03-29,4,1
"1491",2007-03-30,0,1
"1492",2007-03-31,3,1
"1493",2007-04-01,1,4
"1494",2007-04-02,2,0
"1495",2007-04-03,3,0
"1496",2007-04-04,4,2
"1497",2007-04-05,1,1
"1498",2007-04-06,0,1
"1499",2007-04-07,2,3
"1500",2007-04-08,1,1
"1501",2007-04-09,2,1
"1502",2007-04-11,1,0
"1503",2007-04-12,6,0
"1504",2007-04-13,4,2
"1505",2007-04-14,4,0
"1506",2007-04-15,3,2
"1507",2007-04-16,1,0
"1508",2007-04-17,1,4
"1509",2007-04-18,2,0
"1510",2007-04-19,1,0
"1511",2007-04-20,3,2
"1512",2007-04-21,5,0
"1513",2007-04-22,3,3
"1514",2007-04-23,1,3
"1515",2007-04-24,5,4
"1516",2007-04-25,2,1
"1517",2007-04-26,2,0
"1518",2007-04-27,2,0
"1519",2007-04-28,2,6
"1520",2007-04-29,2,2
"1521",2007-04-30,4,0
"1522",2007-05-01,2,1
"1523",2007-05-02,1,0
"1524",2007-05-03,4,1
"1525",2007-05-05,2,0
"1526",2007-05-06,5,1
"1527",2007-05-07,1,0
"1528",2007-05-08,5,1
"1529",2007-05-09,6,2
"1530",2007-05-10,3,0
"1531",2007-05-11,4,1
"1532",2007-05-12,3,3
"1533",2007-05-13,3,1
"1534",2007-05-14,3,3
"1535",2007-05-15,3,1
"1536",2007-05-16,2,0
"1537",2007-05-17,3,1
"1538",2007-05-18,1,5
"1539",2007-05-19,5,3
"1540",2007-05-20,1,3
"1541",2007-05-21,0,3
"1542",2007-05-22,5,0
"1543",2007-05-23,1,5
"1544",2007-05-24,3,0
"1545",2007-05-25,2,0
"1546",2007-05-26,2,2
"1547",2007-05-27,2,0
"1548",2007-05-28,3,1
"1549",2007-05-29,8,2
"1550",2007-05-30,2,0
"1551",2007-05-31,2,1
"1552",2007-06-01,1,1
"1553",2007-06-02,1,2
"1554",2007-06-03,4,2
"1555",2007-06-04,3,0
"1556",2007-06-05,3,0
"1557",2007-06-06,2,0
"1558",2007-06-07,1,0
"1559",2007-06-08,3,0
"1560",2007-06-09,4,3
"1561",2007-06-10,1,0
"1562",2007-06-11,3,1
"1563",2007-06-12,3,1
"1564",2007-06-13,0,2
"1565",2007-06-14,3,1
"1566",2007-06-15,1,1
"1567",2007-06-16,3,3
"1568",2007-06-17,5,0
"1569",2007-06-18,2,0
"1570",2007-06-19,0,1
"1571",2007-06-20,2,0
"1572",2007-06-21,2,0
"1573",2007-06-22,1,2
"1574",2007-06-23,5,1
"1575",2007-06-24,3,1
"1576",2007-06-25,0,2
"1577",2007-06-26,0,2
"1578",2007-06-28,4,5
"1579",2007-06-29,1,1
"1580",2007-06-30,2,4
"1581",2007-07-01,2,1
"1582",2007-07-02,5,1
"1583",2007-07-03,1,1
"1584",2007-07-04,1,2
"1585",2007-07-05,1,2
"1586",2007-07-06,1,2
"1587",2007-07-07,2,2
"1588",2007-07-08,2,2
"1589",2007-07-09,1,0
"1590",2007-07-10,2,0
"1591",2007-07-11,1,3
"1592",2007-07-12,2,2
"1593",2007-07-13,1,2
"1594",2007-07-14,2,4
"1595",2007-07-15,4,1
"1596",2007-07-16,2,0
"1597",2007-07-17,3,1
"1598",2007-07-18,1,0
"1599",2007-07-19,2,1
"1600",2007-07-20,1,3
"1601",2007-07-21,2,1
"1602",2007-07-24,3,0
"1603",2007-07-25,2,1
"1604",2007-07-26,4,0
"1605",2007-07-27,1,0
"1606",2007-07-28,1,1
"1607",2007-07-29,0,2
"1608",2007-07-30,2,4
"1609",2007-07-31,0,2
"1610",2007-08-01,1,1
"1611",2007-08-02,3,0
"1612",2007-08-03,5,1
"1613",2007-08-04,0,3
"1614",2007-08-05,2,4
"1615",2007-08-06,4,3
"1616",2007-08-07,2,0
"1617",2007-08-08,1,0
"1618",2007-08-09,2,1
"1619",2007-08-10,1,0
"1620",2007-08-11,3,0
"1621",2007-08-12,5,0
"1622",2007-08-13,2,0
"1623",2007-08-14,4,0
"1624",2007-08-15,0,3
"1625",2007-08-16,2,1
"1626",2007-08-18,2,3
"1627",2007-08-19,1,0
"1628",2007-08-20,4,3
"1629",2007-08-21,1,3
"1630",2007-08-23,2,0
"1631",2007-08-24,4,1
"1632",2007-08-25,6,0
"1633",2007-08-26,2,0
"1634",2007-08-27,3,1
"1635",2007-08-28,3,1
"1636",2007-08-29,4,0
"1637",2007-08-30,4,2
"1638",2007-08-31,4,2
"1639",2007-09-01,2,3
"1640",2007-09-02,0,1
"1641",2007-09-03,1,2
"1642",2007-09-04,2,3
"1643",2007-09-05,1,0
"1644",2007-09-06,3,1
"1645",2007-09-07,6,0
"1646",2007-09-08,4,4
"1647",2007-09-09,5,2
"1648",2007-09-10,0,1
"1649",2007-09-11,2,0
"1650",2007-09-12,4,2
"1651",2007-09-13,5,1
"1652",2007-09-14,2,2
"1653",2007-09-15,7,2
"1654",2007-09-16,3,1
"1655",2007-09-17,4,1
"1656",2007-09-18,1,0
"1657",2007-09-19,3,1
"1658",2007-09-20,5,1
"1659",2007-09-21,4,2
"1660",2007-09-22,3,0
"1661",2007-09-23,3,1
"1662",2007-09-24,5,1
"1663",2007-09-25,2,1
"1664",2007-09-26,2,0
"1665",2007-09-27,2,2
"1666",2007-09-28,4,3
"1667",2007-09-29,1,1
"1668",2007-09-30,1,2
"1669",2007-10-01,1,0
"1670",2007-10-02,2,2
"1671",2007-10-03,4,2
"1672",2007-10-04,5,2
"1673",2007-10-05,2,1
"1674",2007-10-06,4,1
"1675",2007-10-07,3,3
"1676",2007-10-08,2,0
"1677",2007-10-09,5,3
"1678",2007-10-10,2,4
"1679",2007-10-11,2,1
"1680",2007-10-12,0,2
"1681",2007-10-13,3,1
"1682",2007-10-14,2,2
"1683",2007-10-15,1,1
"1684",2007-10-16,2,1
"1685",2007-10-17,4,2
"1686",2007-10-18,0,2
"1687",2007-10-19,0,1
"1688",2007-10-20,3,2
"1689",2007-10-21,2,1
"1690",2007-10-22,5,1
"1691",2007-10-23,4,0
"1692",2007-10-24,4,1
"1693",2007-10-25,4,2
"1694",2007-10-26,1,1
"1695",2007-10-27,3,1
"1696",2007-10-28,1,1
"1697",2007-10-30,0,2
"1698",2007-10-31,3,0
"1699",2007-11-01,2,1
"1700",2007-11-02,3,0
"1701",2007-11-03,4,2
"1702",2007-11-04,1,1
"1703",2007-11-05,1,1
"1704",2007-11-06,1,0
"1705",2007-11-07,3,0
"1706",2007-11-08,4,2
"1707",2007-11-09,3,0
"1708",2007-11-10,5,0
"1709",2007-11-11,2,0
"1710",2007-11-12,5,2
"1711",2007-11-13,4,0
"1712",2007-11-14,3,2
"1713",2007-11-16,2,3
"1714",2007-11-17,4,2
"1715",2007-11-18,4,1
"1716",2007-11-19,3,1
"1717",2007-11-20,2,2
"1718",2007-11-22,1,1
"1719",2007-11-23,0,2
"1720",2007-11-24,2,2
"1721",2007-11-25,4,1
"1722",2007-11-26,5,0
"1723",2007-11-27,6,0
"1724",2007-11-28,3,1
"1725",2007-11-29,1,0
"1726",2007-11-30,3,1
"1727",2007-12-01,4,2
"1728",2007-12-02,1,2
"1729",2007-12-03,0,1
"1730",2007-12-04,1,3
"1731",2007-12-06,3,1
"1732",2007-12-07,5,0
"1733",2007-12-08,0,2
"1734",2007-12-09,4,2
"1735",2007-12-10,3,0
"1736",2007-12-11,3,0
"1737",2007-12-12,6,3
"1738",2007-12-13,1,1
"1739",2007-12-14,7,2
"1740",2007-12-15,1,1
"1741",2007-12-16,1,1
"1742",2007-12-18,5,0
"1743",2007-12-19,2,1
"1744",2007-12-20,2,0
"1745",2007-12-21,5,0
"1746",2007-12-22,6,2
"1747",2007-12-23,2,0
"1748",2007-12-24,1,2
"1749",2007-12-25,2,0
"1750",2007-12-26,2,1
"1751",2007-12-27,0,1
"1752",2007-12-28,1,0
"1753",2007-12-29,4,0
"1754",2007-12-30,2,1
"1755",2007-12-31,1,3
"1756",2008-01-01,8,5
"1757",2008-01-02,1,0
"1758",2008-01-03,1,0
"1759",2008-01-04,1,0
"1760",2008-01-05,1,0
"1761",2008-01-06,1,2
"1762",2008-01-07,0,1
"1763",2008-01-08,6,0
"1764",2008-01-09,1,3
"1765",2008-01-11,4,1
"1766",2008-01-12,5,0
"1767",2008-01-13,1,4
"1768",2008-01-14,3,0
"1769",2008-01-15,4,2
"1770",2008-01-16,6,0
"1771",2008-01-17,2,2
"1772",2008-01-18,4,2
"1773",2008-01-19,2,7
"1774",2008-01-20,1,4
"1775",2008-01-21,1,1
"1776",2008-01-22,0,3
"1777",2008-01-23,4,0
"1778",2008-01-24,4,1
"1779",2008-01-26,1,2
"1780",2008-01-27,2,0
"1781",2008-01-28,1,1
"1782",2008-01-29,2,2
"1783",2008-01-30,2,5
"1784",2008-01-31,1,0
"1785",2008-02-01,2,3
"1786",2008-02-02,2,1
"1787",2008-02-03,2,1
"1788",2008-02-04,4,0
"1789",2008-02-05,2,0
"1790",2008-02-06,4,1
"1791",2008-02-07,1,0
"1792",2008-02-08,2,1
"1793",2008-02-09,2,2
"1794",2008-02-10,1,0
"1795",2008-02-11,2,1
"1796",2008-02-12,2,2
"1797",2008-02-13,4,1
"1798",2008-02-14,1,1
"1799",2008-02-15,6,3
"1800",2008-02-16,4,0
"1801",2008-02-17,0,1
"1802",2008-02-18,3,1
"1803",2008-02-19,2,1
"1804",2008-02-20,3,2
"1805",2008-02-21,1,3
"1806",2008-02-22,1,1
"1807",2008-02-23,4,2
"1808",2008-02-24,2,1
"1809",2008-02-25,2,1
"1810",2008-02-27,4,1
"1811",2008-02-28,3,2
"1812",2008-02-29,1,1
"1813",2008-03-01,5,0
"1814",2008-03-02,3,2
"1815",2008-03-03,3,2
"1816",2008-03-04,3,0
"1817",2008-03-05,2,2
"1818",2008-03-06,5,0
"1819",2008-03-07,4,2
"1820",2008-03-08,3,0
"1821",2008-03-09,6,2
"1822",2008-03-10,4,1
"1823",2008-03-11,0,1
"1824",2008-03-12,2,1
"1825",2008-03-13,2,1
"1826",2008-03-14,3,0
"1827",2008-03-15,1,2
"1828",2008-03-16,1,2
"1829",2008-03-17,2,0
"1830",2008-03-18,4,1
"1831",2008-03-19,5,1
"1832",2008-03-20,3,2
"1833",2008-03-21,3,2
"1834",2008-03-22,3,0
"1835",2008-03-23,1,2
"1836",2008-03-24,1,0
"1837",2008-03-25,5,2
"1838",2008-03-26,3,1
"1839",2008-03-27,2,0
"1840",2008-03-28,2,1
"1841",2008-03-29,1,3
"1842",2008-03-30,0,1
"1843",2008-03-31,1,2
"1844",2008-04-01,3,3
"1845",2008-04-02,2,1
"1846",2008-04-03,2,2
"1847",2008-04-04,1,2
"1848",2008-04-05,2,0
"1849",2008-04-06,2,3
"1850",2008-04-07,2,1
"1851",2008-04-08,2,1
"1852",2008-04-09,1,1
"1853",2008-04-10,2,2
"1854",2008-04-11,3,1
"1855",2008-04-12,4,6
"1856",2008-04-13,2,2
"1857",2008-04-14,2,0
"1858",2008-04-15,6,0
"1859",2008-04-16,0,3
"1860",2008-04-17,0,1
"1861",2008-04-18,2,2
"1862",2008-04-19,1,0
"1863",2008-04-20,1,2
"1864",2008-04-21,5,1
"1865",2008-04-22,2,2
"1866",2008-04-23,0,1
"1867",2008-04-24,2,1
"1868",2008-04-25,2,2
"1869",2008-04-26,1,0
"1870",2008-04-27,3,2
"1871",2008-04-28,3,2
"1872",2008-04-29,2,2
"1873",2008-04-30,3,0
"1874",2008-05-02,2,6
"1875",2008-05-03,4,2
"1876",2008-05-04,2,0
"1877",2008-05-05,3,0
"1878",2008-05-06,6,0
"1879",2008-05-07,1,1
"1880",2008-05-08,1,4
"1881",2008-05-09,2,1
"1882",2008-05-10,0,2
"1883",2008-05-11,4,1
"1884",2008-05-12,3,3
"1885",2008-05-13,1,1
"1886",2008-05-14,2,4
"1887",2008-05-15,7,0
"1888",2008-05-17,3,0
"1889",2008-05-18,1,0
"1890",2008-05-19,3,0
"1891",2008-05-20,2,0
"1892",2008-05-21,5,0
"1893",2008-05-22,5,1
"1894",2008-05-23,5,1
"1895",2008-05-24,3,3
"1896",2008-05-25,4,1
"1897",2008-05-26,2,0
"1898",2008-05-27,3,0
"1899",2008-05-28,5,2
"1900",2008-05-29,1,1
"1901",2008-05-30,1,3
"1902",2008-05-31,3,1
"1903",2008-06-01,2,1
"1904",2008-06-02,2,0
"1905",2008-06-03,1,2
"1906",2008-06-04,2,1
"1907",2008-06-05,4,1
"1908",2008-06-06,3,0
"1909",2008-06-07,2,3
"1910",2008-06-08,2,0
"1911",2008-06-09,1,4
"1912",2008-06-10,0,2
"1913",2008-06-11,5,0
"1914",2008-06-12,1,2
"1915",2008-06-13,2,1
"1916",2008-06-14,0,1
"1917",2008-06-15,3,2
"1918",2008-06-16,2,1
"1919",2008-06-17,2,0
"1920",2008-06-18,3,0
"1921",2008-06-19,3,1
"1922",2008-06-20,1,1
"1923",2008-06-21,3,4
"1924",2008-06-22,5,0
"1925",2008-06-23,3,0
"1926",2008-06-24,3,2
"1927",2008-06-25,2,0
"1928",2008-06-26,3,3
"1929",2008-06-27,1,4
"1930",2008-06-28,3,4
"1931",2008-06-29,1,4
"1932",2008-06-30,1,0
"1933",2008-07-01,3,1
"1934",2008-07-02,1,2
"1935",2008-07-03,1,0
"1936",2008-07-04,3,1
"1937",2008-07-05,5,3
"1938",2008-07-06,3,0
"1939",2008-07-07,4,2
"1940",2008-07-08,1,2
"1941",2008-07-09,4,1
"1942",2008-07-10,2,1
"1943",2008-07-11,2,0
"1944",2008-07-12,4,2
"1945",2008-07-13,2,0
"1946",2008-07-14,1,1
"1947",2008-07-15,3,3
"1948",2008-07-16,0,1
"1949",2008-07-17,0,2
"1950",2008-07-18,3,1
"1951",2008-07-19,3,4
"1952",2008-07-20,4,0
"1953",2008-07-21,1,1
"1954",2008-07-22,3,1
"1955",2008-07-23,1,4
"1956",2008-07-24,1,0
"1957",2008-07-25,1,2
"1958",2008-07-26,3,2
"1959",2008-07-27,0,5
"1960",2008-07-28,4,0
"1961",2008-07-29,5,1
"1962",2008-07-30,2,2
"1963",2008-07-31,2,1
"1964",2008-08-01,2,2
"1965",2008-08-02,3,0
"1966",2008-08-03,3,2
"1967",2008-08-04,3,0
"1968",2008-08-05,3,1
"1969",2008-08-06,6,1
"1970",2008-08-07,3,0
"1971",2008-08-08,0,2
"1972",2008-08-09,1,0
"1973",2008-08-10,3,2
"1974",2008-08-11,9,1
"1975",2008-08-12,3,1
"1976",2008-08-13,3,3
"1977",2008-08-14,1,1
"1978",2008-08-15,5,0
"1979",2008-08-16,2,1
"1980",2008-08-17,2,1
"1981",2008-08-18,2,0
"1982",2008-08-19,6,1
"1983",2008-08-20,3,0
"1984",2008-08-21,2,2
"1985",2008-08-22,1,0
"1986",2008-08-23,1,3
"1987",2008-08-24,2,2
"1988",2008-08-25,4,1
"1989",2008-08-26,1,0
"1990",2008-08-28,4,0
"1991",2008-08-29,3,1
"1992",2008-08-30,1,1
"1993",2008-08-31,2,1
"1994",2008-09-01,5,3
"1995",2008-09-02,4,1
"1996",2008-09-03,3,0
"1997",2008-09-04,2,1
"1998",2008-09-05,6,0
"1999",2008-09-06,4,3
"2000",2008-09-07,6,4
"2001",2008-09-08,3,0
"2002",2008-09-09,0,1
"2003",2008-09-10,6,1
"2004",2008-09-11,1,2
"2005",2008-09-12,5,0
"2006",2008-09-13,3,1
"2007",2008-09-14,1,2
"2008",2008-09-15,1,0
"2009",2008-09-16,6,2
"2010",2008-09-17,3,1
"2011",2008-09-18,4,1
"2012",2008-09-19,3,1
"2013",2008-09-20,5,2
"2014",2008-09-21,4,2
"2015",2008-09-22,1,0
"2016",2008-09-23,3,0
"2017",2008-09-24,5,1
"2018",2008-09-25,3,0
"2019",2008-09-26,4,1
"2020",2008-09-27,2,1
"2021",2008-09-28,5,6
"2022",2008-09-29,3,1
"2023",2008-09-30,3,0
"2024",2008-10-01,3,2
"2025",2008-10-02,1,0
"2026",2008-10-03,1,2
"2027",2008-10-04,8,1
"2028",2008-10-05,1,2
"2029",2008-10-06,2,1
"2030",2008-10-07,6,1
"2031",2008-10-08,3,3
"2032",2008-10-09,3,4
"2033",2008-10-10,3,1
"2034",2008-10-11,1,1
"2035",2008-10-12,1,1
"2036",2008-10-13,2,0
"2037",2008-10-14,3,0
"2038",2008-10-15,3,0
"2039",2008-10-16,8,1
"2040",2008-10-17,1,0
"2041",2008-10-18,2,1
"2042",2008-10-19,2,2
"2043",2008-10-20,2,0
"2044",2008-10-21,8,0
"2045",2008-10-22,2,2
"2046",2008-10-23,2,1
"2047",2008-10-24,2,2
"2048",2008-10-25,2,5
"2049",2008-10-26,6,2
"2050",2008-10-27,2,2
"2051",2008-10-28,6,3
"2052",2008-10-29,4,2
"2053",2008-10-30,2,0
"2054",2008-10-31,3,0
"2055",2008-11-01,6,1
"2056",2008-11-02,1,1
"2057",2008-11-03,3,0
"2058",2008-11-04,2,1
"2059",2008-11-05,4,1
"2060",2008-11-06,4,0
"2061",2008-11-07,2,1
"2062",2008-11-08,1,5
"2063",2008-11-09,2,0
"2064",2008-11-10,4,1
"2065",2008-11-11,5,0
"2066",2008-11-12,1,1
"2067",2008-11-13,3,2
"2068",2008-11-15,5,2
"2069",2008-11-16,2,1
"2070",2008-11-17,4,0
"2071",2008-11-18,4,2
"2072",2008-11-19,1,1
"2073",2008-11-20,3,2
"2074",2008-11-21,5,0
"2075",2008-11-22,4,4
"2076",2008-11-23,3,0
"2077",2008-11-24,4,1
"2078",2008-11-25,5,1
"2079",2008-11-26,1,1
"2080",2008-11-27,1,3
"2081",2008-11-28,1,0
"2082",2008-11-29,0,1
"2083",2008-11-30,7,0
"2084",2008-12-01,2,1
"2085",2008-12-02,4,0
"2086",2008-12-03,3,0
"2087",2008-12-04,3,0
"2088",2008-12-05,1,3
"2089",2008-12-06,4,0
"2090",2008-12-07,0,1
"2091",2008-12-08,6,2
"2092",2008-12-09,5,2
"2093",2008-12-10,1,1
"2094",2008-12-11,3,0
"2095",2008-12-12,1,5
"2096",2008-12-13,2,3
"2097",2008-12-14,3,0
"2098",2008-12-15,5,4
"2099",2008-12-16,2,2
"2100",2008-12-17,4,0
"2101",2008-12-18,1,1
"2102",2008-12-19,1,0
"2103",2008-12-20,0,1
"2104",2008-12-21,2,3
"2105",2008-12-22,1,1
"2106",2008-12-24,4,0
"2107",2008-12-25,3,4
"2108",2008-12-26,1,1
"2109",2008-12-27,3,2
"2110",2008-12-28,1,3
"2111",2008-12-29,1,1
"2112",2008-12-30,2,3
"2113",2009-01-01,4,4
"2114",2009-01-02,2,1
"2115",2009-01-03,3,2
"2116",2009-01-04,3,1
"2117",2009-01-05,2,0
"2118",2009-01-06,3,0
"2119",2009-01-07,1,1
"2120",2009-01-08,6,0
"2121",2009-01-09,3,0
"2122",2009-01-10,1,0
"2123",2009-01-11,5,1
"2124",2009-01-12,4,2
"2125",2009-01-13,1,1
"2126",2009-01-14,3,3
"2127",2009-01-15,1,0
"2128",2009-01-16,2,1
"2129",2009-01-17,2,0
"2130",2009-01-18,3,0
"2131",2009-01-19,0,2
"2132",2009-01-20,6,1
"2133",2009-01-21,2,1
"2134",2009-01-22,4,0
"2135",2009-01-23,5,1
"2136",2009-01-24,3,0
"2137",2009-01-25,1,2
"2138",2009-01-26,2,2
"2139",2009-01-27,4,0
"2140",2009-01-28,5,0
"2141",2009-01-29,2,0
"2142",2009-01-30,1,0
"2143",2009-01-31,4,2
"2144",2009-02-01,2,0
"2145",2009-02-02,4,1
"2146",2009-02-04,4,1
"2147",2009-02-05,4,1
"2148",2009-02-06,7,0
"2149",2009-02-07,3,3
"2150",2009-02-08,3,4
"2151",2009-02-09,3,1
"2152",2009-02-10,2,2
"2153",2009-02-11,3,0
"2154",2009-02-12,3,0
"2155",2009-02-13,6,5
"2156",2009-02-14,6,3
"2157",2009-02-15,3,2
"2158",2009-02-17,3,1
"2159",2009-02-18,3,0
"2160",2009-02-19,3,1
"2161",2009-02-20,2,2
"2162",2009-02-21,5,0
"2163",2009-02-22,2,1
"2164",2009-02-23,2,1
"2165",2009-02-24,3,1
"2166",2009-02-25,1,1
"2167",2009-02-26,4,0
"2168",2009-02-27,2,0
"2169",2009-02-28,2,1
"2170",2009-03-01,3,5
"2171",2009-03-02,1,1
"2172",2009-03-03,5,2
"2173",2009-03-04,3,1
"2174",2009-03-05,2,0
"2175",2009-03-06,5,2
"2176",2009-03-07,3,0
"2177",2009-03-08,1,0
"2178",2009-03-09,3,2
"2179",2009-03-10,8,2
"2180",2009-03-11,6,2
"2181",2009-03-12,7,2
"2182",2009-03-13,6,1
"2183",2009-03-14,4,1
"2184",2009-03-15,2,2
"2185",2009-03-16,1,0
"2186",2009-03-17,3,2
"2187",2009-03-18,2,2
"2188",2009-03-19,5,0
"2189",2009-03-20,7,1
"2190",2009-03-21,7,2
"2191",2009-03-22,1,2
"2192",2009-03-23,5,0
"2193",2009-03-24,4,0
"2194",2009-03-25,4,0
"2195",2009-03-26,3,3
"2196",2009-03-27,0,2
"2197",2009-03-28,3,5
"2198",2009-03-29,7,1
"2199",2009-03-30,4,2
"2200",2009-03-31,2,2
"2201",2009-04-01,5,1
"2202",2009-04-02,3,1
"2203",2009-04-03,5,1
"2204",2009-04-04,6,1
"2205",2009-04-05,4,3
"2206",2009-04-06,4,3
"2207",2009-04-07,2,0
"2208",2009-04-08,5,1
"2209",2009-04-09,7,1
"2210",2009-04-10,5,1
"2211",2009-04-11,4,1
"2212",2009-04-12,1,2
"2213",2009-04-13,3,0
"2214",2009-04-14,5,0
"2215",2009-04-15,3,1
"2216",2009-04-16,3,1
"2217",2009-04-17,9,1
"2218",2009-04-18,4,1
"2219",2009-04-19,2,1
"2220",2009-04-20,1,1
"2221",2009-04-21,2,1
"2222",2009-04-22,2,1
"2223",2009-04-23,1,0
"2224",2009-04-24,3,3
"2225",2009-04-25,5,3
"2226",2009-04-26,1,1
"2227",2009-04-27,4,0
"2228",2009-04-28,1,1
"2229",2009-04-29,5,1
"2230",2009-04-30,3,3
"2231",2009-05-01,2,1
"2232",2009-05-02,8,0
"2233",2009-05-03,2,0
"2234",2009-05-04,1,0
"2235",2009-05-05,3,0
"2236",2009-05-06,5,0
"2237",2009-05-07,3,0
"2238",2009-05-08,4,1
"2239",2009-05-09,1,2
"2240",2009-05-10,5,0
"2241",2009-05-11,2,1
"2242",2009-05-12,1,0
"2243",2009-05-13,0,3
"2244",2009-05-14,3,1
"2245",2009-05-15,8,1
"2246",2009-05-16,2,2
"2247",2009-05-17,3,4
"2248",2009-05-18,4,1
"2249",2009-05-19,2,3
"2250",2009-05-20,2,0
"2251",2009-05-21,1,0
"2252",2009-05-22,6,0
"2253",2009-05-23,0,2
"2254",2009-05-24,4,1
"2255",2009-05-25,1,1
"2256",2009-05-26,1,3
"2257",2009-05-27,0,2
"2258",2009-05-28,4,0
"2259",2009-05-29,1,0
"2260",2009-05-30,1,1
"2261",2009-05-31,1,3
"2262",2009-06-01,0,2
"2263",2009-06-02,3,0
"2264",2009-06-03,2,1
"2265",2009-06-04,3,0
"2266",2009-06-05,2,0
"2267",2009-06-06,3,1
"2268",2009-06-07,2,1
"2269",2009-06-08,0,1
"2270",2009-06-09,3,2
"2271",2009-06-10,2,0
"2272",2009-06-11,1,1
"2273",2009-06-12,5,5
"2274",2009-06-13,9,0
"2275",2009-06-14,1,2
"2276",2009-06-15,1,1
"2277",2009-06-16,3,1
"2278",2009-06-17,3,1
"2279",2009-06-18,1,0
"2280",2009-06-19,2,0
"2281",2009-06-20,0,1
"2282",2009-06-21,3,1
"2283",2009-06-22,2,0
"2284",2009-06-23,2,0
"2285",2009-06-24,6,0
"2286",2009-06-25,1,2
"2287",2009-06-26,2,0
"2288",2009-06-27,3,2
"2289",2009-06-28,2,0
"2290",2009-06-30,2,0
"2291",2009-07-01,4,2
"2292",2009-07-02,4,2
"2293",2009-07-03,1,0
"2294",2009-07-04,5,1
"2295",2009-07-05,3,4
"2296",2009-07-06,2,0
"2297",2009-07-07,6,1
"2298",2009-07-08,1,0
"2299",2009-07-09,4,2
"2300",2009-07-10,2,1
"2301",2009-07-11,4,1
"2302",2009-07-12,1,0
"2303",2009-07-14,3,0
"2304",2009-07-15,1,1
"2305",2009-07-16,2,3
"2306",2009-07-17,2,1
"2307",2009-07-18,1,1
"2308",2009-07-20,4,1
"2309",2009-07-23,3,0
"2310",2009-07-24,4,0
"2311",2009-07-25,1,2
"2312",2009-07-26,5,2
"2313",2009-07-27,3,3
"2314",2009-07-28,3,0
"2315",2009-07-29,3,0
"2316",2009-07-30,1,3
"2317",2009-07-31,8,0
"2318",2009-08-01,3,1
"2319",2009-08-02,1,0
"2320",2009-08-03,0,1
"2321",2009-08-04,2,0
"2322",2009-08-05,3,0
"2323",2009-08-06,5,0
"2324",2009-08-07,1,1
"2325",2009-08-08,5,0
"2326",2009-08-09,0,1
"2327",2009-08-10,2,1
"2328",2009-08-11,1,3
"2329",2009-08-12,2,1
"2330",2009-08-13,4,0
"2331",2009-08-14,6,0
"2332",2009-08-15,2,5
"2333",2009-08-16,3,3
"2334",2009-08-17,6,0
"2335",2009-08-18,1,1
"2336",2009-08-19,0,1
"2337",2009-08-20,3,0
"2338",2009-08-21,3,1
"2339",2009-08-22,4,1
"2340",2009-08-23,3,3
"2341",2009-08-24,2,0
"2342",2009-08-25,4,3
"2343",2009-08-26,3,0
"2344",2009-08-27,5,0
"2345",2009-08-28,4,2
"2346",2009-08-29,4,3
"2347",2009-08-30,4,3
"2348",2009-08-31,5,1
"2349",2009-09-01,6,1
"2350",2009-09-02,2,0
"2351",2009-09-03,2,0
"2352",2009-09-04,0,3
"2353",2009-09-05,4,1
"2354",2009-09-06,3,1
"2355",2009-09-07,1,1
"2356",2009-09-08,7,0
"2357",2009-09-09,1,0
"2358",2009-09-10,4,0
"2359",2009-09-11,1,0
"2360",2009-09-12,5,0
"2361",2009-09-13,4,0
"2362",2009-09-14,0,1
"2363",2009-09-15,1,0
"2364",2009-09-16,4,1
"2365",2009-09-17,3,0
"2366",2009-09-18,3,3
"2367",2009-09-19,1,2
"2368",2009-09-20,1,2
"2369",2009-09-21,0,4
"2370",2009-09-22,2,1
"2371",2009-09-23,4,2
"2372",2009-09-24,4,0
"2373",2009-09-25,3,0
"2374",2009-09-26,4,3
"2375",2009-09-27,5,2
"2376",2009-09-28,2,1
"2377",2009-09-29,1,1
"2378",2009-09-30,1,0
"2379",2009-10-01,1,2
"2380",2009-10-02,1,1
"2381",2009-10-03,3,3
"2382",2009-10-05,1,1
"2383",2009-10-06,1,1
"2384",2009-10-07,3,1
"2385",2009-10-08,3,0
"2386",2009-10-09,4,1
"2387",2009-10-10,2,0
"2388",2009-10-11,4,2
"2389",2009-10-12,4,1
"2390",2009-10-13,2,0
"2391",2009-10-14,2,1
"2392",2009-10-15,3,1
"2393",2009-10-16,5,2
"2394",2009-10-17,5,0
"2395",2009-10-18,3,1
"2396",2009-10-19,1,2
"2397",2009-10-21,1,1
"2398",2009-10-22,2,0
"2399",2009-10-23,1,2
"2400",2009-10-24,1,1
"2401",2009-10-25,1,4
"2402",2009-10-26,3,3
"2403",2009-10-27,2,0
"2404",2009-10-28,6,2
"2405",2009-10-29,3,1
"2406",2009-10-30,2,1
"2407",2009-10-31,3,1
"2408",2009-11-01,4,3
"2409",2009-11-02,2,0
"2410",2009-11-03,4,0
"2411",2009-11-04,4,0
"2412",2009-11-06,2,3
"2413",2009-11-07,2,1
"2414",2009-11-08,3,1
"2415",2009-11-09,2,0
"2416",2009-11-10,4,2
"2417",2009-11-11,4,0
"2418",2009-11-12,4,3
"2419",2009-11-13,4,1
"2420",2009-11-14,1,0
"2421",2009-11-15,0,2
"2422",2009-11-16,4,3
"2423",2009-11-17,2,0
"2424",2009-11-18,6,0
"2425",2009-11-19,3,0
"2426",2009-11-20,3,1
"2427",2009-11-21,4,0
"2428",2009-11-22,1,1
"2429",2009-11-23,5,1
"2430",2009-11-24,3,0
"2431",2009-11-25,3,2
"2432",2009-11-26,3,0
"2433",2009-11-27,4,2
"2434",2009-11-28,0,1
"2435",2009-11-29,0,1
"2436",2009-11-30,2,2
"2437",2009-12-01,5,1
"2438",2009-12-02,10,1
"2439",2009-12-03,1,0
"2440",2009-12-04,5,1
"2441",2009-12-05,2,0
"2442",2009-12-06,2,2
"2443",2009-12-07,6,0
"2444",2009-12-08,4,1
"2445",2009-12-09,2,1
"2446",2009-12-10,1,0
"2447",2009-12-11,1,2
"2448",2009-12-12,2,1
"2449",2009-12-13,4,0
"2450",2009-12-14,2,0
"2451",2009-12-15,5,3
"2452",2009-12-16,3,1
"2453",2009-12-17,5,2
"2454",2009-12-18,2,0
"2455",2009-12-19,0,1
"2456",2009-12-20,1,0
"2457",2009-12-21,4,0
"2458",2009-12-22,2,0
"2459",2009-12-23,3,0
"2460",2009-12-24,4,0
"2461",2009-12-26,3,2
"2462",2009-12-27,4,0
"2463",2009-12-28,1,1
"2464",2009-12-29,4,2
"2465",2009-12-30,1,0
"2466",2009-12-31,4,1
"2467",2010-01-01,5,1
"2468",2010-01-02,5,2
"2469",2010-01-03,4,0
"2470",2010-01-04,4,1
"2471",2010-01-05,5,3
"2472",2010-01-06,5,1
"2473",2010-01-07,4,1
"2474",2010-01-08,1,0
"2475",2010-01-09,5,0
"2476",2010-01-10,1,0
"2477",2010-01-11,4,0
"2478",2010-01-12,3,0
"2479",2010-01-13,3,1
"2480",2010-01-14,1,1
"2481",2010-01-15,4,3
"2482",2010-01-16,4,4
"2483",2010-01-17,0,1
"2484",2010-01-18,3,0
"2485",2010-01-19,2,2
"2486",2010-01-20,8,0
"2487",2010-01-21,3,0
"2488",2010-01-22,6,1
"2489",2010-01-23,4,1
"2490",2010-01-24,3,1
"2491",2010-01-25,7,1
"2492",2010-01-26,2,0
"2493",2010-01-27,3,3
"2494",2010-01-28,5,1
"2495",2010-01-29,2,0
"2496",2010-01-30,3,0
"2497",2010-01-31,1,1
"2498",2010-02-01,3,0
"2499",2010-02-02,0,2
"2500",2010-02-04,1,5
"2501",2010-02-05,3,2
"2502",2010-02-06,6,1
"2503",2010-02-07,6,0
"2504",2010-02-08,3,0
"2505",2010-02-09,5,2
"2506",2010-02-10,3,2
"2507",2010-02-11,3,0
"2508",2010-02-12,1,1
"2509",2010-02-13,1,3
"2510",2010-02-14,3,1
"2511",2010-02-15,2,1
"2512",2010-02-16,8,1
"2513",2010-02-17,3,1
"2514",2010-02-18,7,0
"2515",2010-02-19,4,3
"2516",2010-02-20,5,0
"2517",2010-02-21,4,1
"2518",2010-02-22,6,2
"2519",2010-02-23,1,0
"2520",2010-02-24,1,1
"2521",2010-02-25,3,3
"2522",2010-02-26,4,0
"2523",2010-02-27,5,2
"2524",2010-02-28,0,1
"2525",2010-03-01,1,0
"2526",2010-03-02,1,0
"2527",2010-03-03,5,2
"2528",2010-03-04,1,0
"2529",2010-03-06,6,4
"2530",2010-03-07,5,2
"2531",2010-03-08,3,0
"2532",2010-03-09,6,1
"2533",2010-03-10,2,1
"2534",2010-03-11,3,2
"2535",2010-03-12,2,1
"2536",2010-03-13,1,1
"2537",2010-03-16,2,0
"2538",2010-03-18,0,1
"2539",2010-03-19,1,0
"2540",2010-03-20,2,0
"2541",2010-03-21,4,1
"2542",2010-03-22,2,0
"2543",2010-03-23,5,1
"2544",2010-03-24,1,1
"2545",2010-03-25,9,0
"2546",2010-03-26,2,0
"2547",2010-03-27,5,3
"2548",2010-03-28,3,0
"2549",2010-03-29,5,0
"2550",2010-03-30,1,2
"2551",2010-03-31,4,1
"2552",2010-04-01,1,0
"2553",2010-04-02,3,0
"2554",2010-04-03,6,0
"2555",2010-04-04,2,1
"2556",2010-04-05,4,2
"2557",2010-04-06,1,3
"2558",2010-04-08,7,2
"2559",2010-04-09,7,1
"2560",2010-04-10,1,1
"2561",2010-04-11,1,0
"2562",2010-04-12,2,0
"2563",2010-04-13,5,0
"2564",2010-04-15,3,1
"2565",2010-04-16,0,1
"2566",2010-04-17,4,0
"2567",2010-04-18,1,2
"2568",2010-04-19,3,0
"2569",2010-04-20,2,0
"2570",2010-04-21,6,0
"2571",2010-04-22,3,0
"2572",2010-04-23,3,1
"2573",2010-04-24,5,1
"2574",2010-04-25,4,1
"2575",2010-04-26,1,0
"2576",2010-04-27,3,1
"2577",2010-04-28,4,3
"2578",2010-04-29,4,0
"2579",2010-04-30,1,1
"2580",2010-05-01,2,1
"2581",2010-05-02,4,1
"2582",2010-05-03,2,0
"2583",2010-05-04,4,0
"2584",2010-05-05,4,3
"2585",2010-05-06,4,0
"2586",2010-05-07,2,0
"2587",2010-05-08,1,0
"2588",2010-05-09,2,0
"2589",2010-05-10,4,0
"2590",2010-05-11,2,1
"2591",2010-05-12,4,0
"2592",2010-05-13,4,1
"2593",2010-05-14,2,1
"2594",2010-05-15,3,0
"2595",2010-05-16,5,1
"2596",2010-05-17,1,0
"2597",2010-05-18,3,0
"2598",2010-05-19,2,1
"2599",2010-05-20,3,0
"2600",2010-05-21,5,1
"2601",2010-05-22,6,0
"2602",2010-05-23,1,1
"2603",2010-05-24,4,2
"2604",2010-05-25,6,1
"2605",2010-05-26,2,1
"2606",2010-05-27,4,1
"2607",2010-05-28,2,1
"2608",2010-05-29,0,3
"2609",2010-05-30,3,0
"2610",2010-05-31,6,5
"2611",2010-06-01,3,1
"2612",2010-06-02,6,0
"2613",2010-06-03,5,0
"2614",2010-06-04,3,0
"2615",2010-06-05,3,1
"2616",2010-06-06,2,2
"2617",2010-06-07,0,2
"2618",2010-06-08,4,0
"2619",2010-06-09,5,1
"2620",2010-06-10,4,0
"2621",2010-06-11,2,1
"2622",2010-06-12,1,0
"2623",2010-06-13,3,1
"2624",2010-06-14,1,0
"2625",2010-06-15,1,1
"2626",2010-06-16,4,0
"2627",2010-06-17,5,0
"2628",2010-06-18,3,1
"2629",2010-06-19,1,2
"2630",2010-06-20,1,1
"2631",2010-06-21,1,1
"2632",2010-06-22,0,2
"2633",2010-06-23,1,1
"2634",2010-06-24,1,0
"2635",2010-06-25,7,0
"2636",2010-06-26,4,3
"2637",2010-06-27,8,1
"2638",2010-06-28,1,3
"2639",2010-06-29,1,0
"2640",2010-06-30,1,0
"2641",2010-07-01,5,2
"2642",2010-07-02,6,0
"2643",2010-07-03,5,0
"2644",2010-07-04,1,1
"2645",2010-07-05,5,2
"2646",2010-07-06,7,0
"2647",2010-07-07,3,0
"2648",2010-07-08,4,1
"2649",2010-07-11,1,0
"2650",2010-07-12,2,1
"2651",2010-07-13,3,0
"2652",2010-07-14,1,0
"2653",2010-07-15,1,1
"2654",2010-07-16,2,0
"2655",2010-07-17,7,0
"2656",2010-07-18,4,0
"2657",2010-07-19,1,0
"2658",2010-07-20,1,2
"2659",2010-07-21,3,0
"2660",2010-07-22,2,0
"2661",2010-07-23,3,2
"2662",2010-07-24,1,0
"2663",2010-07-25,2,0
"2664",2010-07-26,5,0
"2665",2010-07-27,6,0
"2666",2010-07-28,2,1
"2667",2010-07-29,2,0
"2668",2010-07-30,1,0
"2669",2010-07-31,3,1
"2670",2010-08-01,1,0
"2671",2010-08-02,0,1
"2672",2010-08-03,3,2
"2673",2010-08-04,2,0
"2674",2010-08-05,2,0
"2675",2010-08-06,2,1
"2676",2010-08-07,5,0
"2677",2010-08-08,2,0
"2678",2010-08-09,1,1
"2679",2010-08-11,3,0
"2680",2010-08-12,5,0
"2681",2010-08-13,2,2
"2682",2010-08-14,3,0
"2683",2010-08-15,3,2
"2684",2010-08-17,8,1
"2685",2010-08-18,1,0
"2686",2010-08-19,1,3
"2687",2010-08-20,4,0
"2688",2010-08-21,5,1
"2689",2010-08-22,2,4
"2690",2010-08-23,3,1
"2691",2010-08-25,2,0
"2692",2010-08-26,1,2
"2693",2010-08-27,8,0
"2694",2010-08-28,4,0
"2695",2010-08-29,1,0
"2696",2010-08-30,4,1
"2697",2010-08-31,6,0
"2698",2010-09-02,3,1
"2699",2010-09-03,2,1
"2700",2010-09-04,1,0
"2701",2010-09-05,4,0
"2702",2010-09-06,2,0
"2703",2010-09-07,2,0
"2704",2010-09-08,4,0
"2705",2010-09-09,2,0
"2706",2010-09-10,1,0
"2707",2010-09-11,5,2
"2708",2010-09-12,1,0
"2709",2010-09-13,2,1
"2710",2010-09-14,2,0
"2711",2010-09-15,4,1
"2712",2010-09-16,9,0
"2713",2010-09-17,1,0
"2714",2010-09-18,1,1
"2715",2010-09-19,5,0
"2716",2010-09-20,2,0
"2717",2010-09-21,2,0
"2718",2010-09-22,2,0
"2719",2010-09-23,2,0
"2720",2010-09-24,1,0
"2721",2010-09-25,3,2
"2722",2010-09-26,1,1
"2723",2010-09-27,4,2
"2724",2010-09-28,1,1
"2725",2010-09-29,6,1
"2726",2010-09-30,1,0
"2727",2010-10-01,2,0
"2728",2010-10-02,7,0
"2729",2010-10-03,3,1
"2730",2010-10-04,4,0
"2731",2010-10-05,1,0
"2732",2010-10-06,4,0
"2733",2010-10-07,2,0
"2734",2010-10-08,5,0
"2735",2010-10-09,6,1
"2736",2010-10-10,3,2
"2737",2010-10-11,2,0
"2738",2010-10-12,4,0
"2739",2010-10-13,2,1
"2740",2010-10-14,3,0
"2741",2010-10-15,4,0
"2742",2010-10-16,4,0
"2743",2010-10-17,4,1
"2744",2010-10-18,1,0
"2745",2010-10-19,5,4
"2746",2010-10-20,5,0
"2747",2010-10-21,1,0
"2748",2010-10-22,1,0
"2749",2010-10-23,5,0
"2750",2010-10-24,1,0
"2751",2010-10-25,2,1
"2752",2010-10-26,2,1
"2753",2010-10-27,5,2
"2754",2010-10-29,2,2
"2755",2010-10-30,0,1
"2756",2010-10-31,4,0
"2757",2010-11-01,1,2
"2758",2010-11-02,1,1
"2759",2010-11-03,4,2
"2760",2010-11-04,6,0
"2761",2010-11-05,2,0
"2762",2010-11-06,2,0
"2763",2010-11-07,5,1
"2764",2010-11-08,4,0
"2765",2010-11-09,5,0
"2766",2010-11-10,2,1
"2767",2010-11-11,4,0
"2768",2010-11-12,7,0
"2769",2010-11-13,5,1
"2770",2010-11-14,3,1
"2771",2010-11-15,5,0
"2772",2010-11-16,4,0
"2773",2010-11-17,5,0
"2774",2010-11-18,4,0
"2775",2010-11-19,3,1
"2776",2010-11-20,1,0
"2777",2010-11-21,1,0
"2778",2010-11-22,7,0
"2779",2010-11-23,4,2
"2780",2010-11-24,2,0
"2781",2010-11-25,2,1
"2782",2010-11-26,2,1
"2783",2010-11-27,1,0
"2784",2010-11-28,4,0
"2785",2010-11-29,4,0
"2786",2010-11-30,4,1
"2787",2010-12-01,2,1
"2788",2010-12-02,4,0
"2789",2010-12-03,3,0
"2790",2010-12-04,4,0
"2791",2010-12-06,3,1
"2792",2010-12-07,4,0
"2793",2010-12-08,1,4
"2794",2010-12-09,0,5
"2795",2010-12-10,3,1
"2796",2010-12-11,9,1
"2797",2010-12-12,1,0
"2798",2010-12-13,1,0
"2799",2010-12-14,3,0
"2800",2010-12-15,3,0
"2801",2010-12-16,7,1
"2802",2010-12-17,6,0
"2803",2010-12-18,4,0
"2804",2010-12-19,2,2
"2805",2010-12-20,2,1
"2806",2010-12-21,1,2
"2807",2010-12-22,1,2
"2808",2010-12-23,5,1
"2809",2010-12-24,2,0
"2810",2010-12-25,3,0
"2811",2010-12-28,4,1
"2812",2010-12-29,3,0
"2813",2010-12-30,0,1
"2814",2010-12-31,3,0
"2815",2011-01-01,2,1
"2816",2011-01-02,2,0
"2817",2011-01-03,1,0
"2818",2011-01-04,2,1
"2819",2011-01-05,5,2
"2820",2011-01-06,3,0
"2821",2011-01-07,3,2
"2822",2011-01-08,2,1
"2823",2011-01-09,3,0
"2824",2011-01-10,2,1
"2825",2011-01-11,3,3
"2826",2011-01-12,3,0
"2827",2011-01-13,4,0
"2828",2011-01-14,1,0
"2829",2011-01-15,0,1
"2830",2011-01-17,1,2
"2831",2011-01-18,5,0
"2832",2011-01-19,2,0
"2833",2011-01-20,4,0
"2834",2011-01-21,3,0
"2835",2011-01-22,7,1
"2836",2011-01-23,0,2
"2837",2011-01-24,0,2
"2838",2011-01-25,0,1
"2839",2011-01-26,1,2
"2840",2011-01-27,1,1
"2841",2011-01-28,4,0
"2842",2011-01-29,4,1
"2843",2011-01-30,2,0
"2844",2011-01-31,5,0
"2845",2011-02-01,1,0
"2846",2011-02-02,8,0
"2847",2011-02-03,5,0
"2848",2011-02-04,5,0
"2849",2011-02-06,2,0
"2850",2011-02-07,1,0
"2851",2011-02-09,2,1
"2852",2011-02-10,4,0
"2853",2011-02-11,2,0
"2854",2011-02-12,1,0
"2855",2011-02-13,4,0
"2856",2011-02-14,1,0
"2857",2011-02-16,1,1
"2858",2011-02-18,1,1
"2859",2011-02-20,1,1
"2860",2011-02-21,3,0
"2861",2011-02-22,4,0
"2862",2011-02-23,4,0
"2863",2011-02-24,0,2
"2864",2011-02-25,4,1
"2865",2011-02-26,2,0
"2866",2011-02-27,2,0
"2867",2011-02-28,2,1
"2868",2011-03-01,7,2
"2869",2011-03-02,8,0
"2870",2011-03-03,3,1
"2871",2011-03-04,2,1
"2872",2011-03-05,5,0
"2873",2011-03-06,1,0
"2874",2011-03-07,3,0
"2875",2011-03-08,3,0
"2876",2011-03-09,3,0
"2877",2011-03-10,11,0
"2878",2011-03-11,2,1
"2879",2011-03-12,11,1
"2880",2011-03-13,5,1
"2881",2011-03-14,3,1
"2882",2011-03-15,4,0
"2883",2011-03-16,2,0
"2884",2011-03-17,2,0
"2885",2011-03-18,1,1
"2886",2011-03-19,1,0
"2887",2011-03-20,3,1
"2888",2011-03-21,2,0
"2889",2011-03-22,3,0
"2890",2011-03-23,4,0
"2891",2011-03-24,3,0
"2892",2011-03-25,2,2
"2893",2011-03-26,5,0
"2894",2011-03-27,4,2
"2895",2011-03-28,1,0
"2896",2011-03-29,1,0
"2897",2011-03-30,3,0
"2898",2011-03-31,5,0
"2899",2011-04-01,4,1
"2900",2011-04-02,1,0
"2901",2011-04-03,2,0
"2902",2011-04-04,2,0
"2903",2011-04-05,5,0
"2904",2011-04-06,1,0
"2905",2011-04-07,5,0
"2906",2011-04-08,1,0
"2907",2011-04-09,1,0
"2908",2011-04-10,4,0
"2909",2011-04-11,1,1
"2910",2011-04-12,0,1
"2911",2011-04-13,1,1
"2912",2011-04-14,6,1
"2913",2011-04-15,1,1
"2914",2011-04-16,2,1
"2915",2011-04-17,1,1
"2916",2011-04-18,2,0
"2917",2011-04-19,4,0
"2918",2011-04-20,8,2
"2919",2011-04-21,1,0
"2920",2011-04-22,3,0
"2921",2011-04-23,4,1
"2922",2011-04-24,6,2
"2923",2011-04-25,3,0
"2924",2011-04-26,3,0
"2925",2011-04-27,6,0
"2926",2011-04-28,7,0
"2927",2011-04-29,2,0
"2928",2011-04-30,7,0
"2929",2011-05-01,10,0
"2930",2011-05-02,6,1
"2931",2011-05-03,1,0
"2932",2011-05-04,3,0
"2933",2011-05-05,1,1
"2934",2011-05-06,5,0
"2935",2011-05-07,3,0
"2936",2011-05-08,2,0
"2937",2011-05-09,2,2
"2938",2011-05-10,1,0
"2939",2011-05-11,2,0
"2940",2011-05-12,7,1
"2941",2011-05-13,0,2
"2942",2011-05-14,2,0
"2943",2011-05-15,2,1
"2944",2011-05-16,6,1
"2945",2011-05-17,4,0
"2946",2011-05-18,4,0
"2947",2011-05-19,6,1
"2948",2011-05-20,5,1
"2949",2011-05-21,2,1
"2950",2011-05-22,3,0
"2951",2011-05-23,0,1
"2952",2011-05-24,1,0
"2953",2011-05-26,2,0
"2954",2011-05-27,6,1
"2955",2011-05-28,4,0
"2956",2011-05-29,3,2
"2957",2011-05-30,3,0
"2958",2011-05-31,4,2
"2959",2011-06-01,4,5
"2960",2011-06-02,3,1
"2961",2011-06-03,4,0
"2962",2011-06-04,3,0
"2963",2011-06-05,5,1
"2964",2011-06-06,2,0
"2965",2011-06-07,1,0
"2966",2011-06-08,4,1
"2967",2011-06-09,0,1
"2968",2011-06-10,2,0
"2969",2011-06-11,5,0
"2970",2011-06-12,6,2
"2971",2011-06-13,2,0
"2972",2011-06-15,4,2
"2973",2011-06-16,5,0
"2974",2011-06-17,1,2
"2975",2011-06-18,2,1
"2976",2011-06-19,2,1
"2977",2011-06-21,1,0
"2978",2011-06-22,4,0
"2979",2011-06-23,7,2
"2980",2011-06-24,2,0
"2981",2011-06-25,3,0
"2982",2011-06-26,4,0
"2983",2011-06-27,1,0
"2984",2011-06-28,2,2
"2985",2011-06-29,4,0
"2986",2011-06-30,2,2
"2987",2011-07-01,3,1
"2988",2011-07-02,4,4
"2989",2011-07-03,3,1
"2990",2011-07-04,4,1
"2991",2011-07-05,3,2
"2992",2011-07-06,4,1
"2993",2011-07-07,6,1
"2994",2011-07-08,2,0
"2995",2011-07-09,1,0
"2996",2011-07-10,0,3
"2997",2011-07-12,1,0
"2998",2011-07-13,1,0
"2999",2011-07-14,6,1
"3000",2011-07-15,2,2
"3001",2011-07-16,4,0
"3002",2011-07-17,2,1
"3003",2011-07-18,3,1
"3004",2011-07-19,4,0
"3005",2011-07-20,4,1
"3006",2011-07-22,1,1
"3007",2011-07-23,2,1
"3008",2011-07-24,6,0
"3009",2011-07-25,1,0
"3010",2011-07-26,4,2
"3011",2011-07-27,4,1
"3012",2011-07-28,0,3
"3013",2011-07-29,1,1
"3014",2011-07-30,4,1
"3015",2011-07-31,1,1
"3016",2011-08-01,1,1
"3017",2011-08-02,0,1
"3018",2011-08-03,3,1
"3019",2011-08-04,5,0
"3020",2011-08-05,1,1
"3021",2011-08-06,2,1
"3022",2011-08-07,8,0
"3023",2011-08-08,1,0
"3024",2011-08-09,3,0
"3025",2011-08-10,1,0
"3026",2011-08-11,4,1
"3027",2011-08-12,3,0
"3028",2011-08-13,5,3
"3029",2011-08-14,4,1
"3030",2011-08-15,1,1
"3031",2011-08-16,2,2
"3032",2011-08-17,1,0
"3033",2011-08-18,4,0
"3034",2011-08-19,3,3
"3035",2011-08-20,3,1
"3036",2011-08-21,3,0
"3037",2011-08-22,5,3
"3038",2011-08-23,1,1
"3039",2011-08-24,1,5
"3040",2011-08-25,5,1
"3041",2011-08-26,3,2
"3042",2011-08-27,6,2
"3043",2011-08-28,2,0
"3044",2011-08-29,4,0
"3045",2011-08-30,2,1
"3046",2011-08-31,4,0
"3047",2011-09-01,2,2
"3048",2011-09-02,7,0
"3049",2011-09-03,7,0
"3050",2011-09-04,6,0
"3051",2011-09-05,13,3
"3052",2011-09-06,2,0
"3053",2011-09-07,2,0
"3054",2011-09-08,2,0
"3055",2011-09-09,5,0
"3056",2011-09-10,5,0
"3057",2011-09-11,3,1
"3058",2011-09-12,2,1
"3059",2011-09-13,4,0
"3060",2011-09-14,2,0
"3061",2011-09-15,3,0
"3062",2011-09-16,3,3
"3063",2011-09-17,4,1
"3064",2011-09-18,1,0
"3065",2011-09-19,9,1
"3066",2011-09-21,3,1
"3067",2011-09-22,8,1
"3068",2011-09-23,1,0
"3069",2011-09-24,1,0
"3070",2011-09-25,2,2
"3071",2011-09-26,3,1
"3072",2011-09-27,6,0
"3073",2011-09-28,2,0
"3074",2011-09-29,1,0
"3075",2011-09-30,4,0
"3076",2011-10-01,3,2
"3077",2011-10-02,3,0
"3078",2011-10-03,1,0
"3079",2011-10-04,1,1
"3080",2011-10-06,2,0
"3081",2011-10-07,1,0
"3082",2011-10-08,4,0
"3083",2011-10-09,6,0
"3084",2011-10-10,1,0
"3085",2011-10-11,0,1
"3086",2011-10-12,5,0
"3087",2011-10-13,11,0
"3088",2011-10-14,4,1
"3089",2011-10-15,4,0
"3090",2011-10-16,3,0
"3091",2011-10-17,2,1
"3092",2011-10-18,1,0
"3093",2011-10-19,1,1
"3094",2011-10-20,2,1
"3095",2011-10-21,3,2
"3096",2011-10-22,5,1
"3097",2011-10-23,5,1
"3098",2011-10-24,2,1
"3099",2011-10-25,7,1
"3100",2011-10-26,0,1
"3101",2011-10-27,2,1
"3102",2011-10-28,3,1
"3103",2011-10-29,4,1
"3104",2011-10-30,6,1
"3105",2011-10-31,4,1
"3106",2011-11-01,7,0
"3107",2011-11-02,10,1
"3108",2011-11-03,5,0
"3109",2011-11-04,7,0
"3110",2011-11-05,12,2
"3111",2011-11-06,4,0
"3112",2011-11-07,1,0
"3113",2011-11-08,1,0
"3114",2011-11-09,6,0
"3115",2011-11-10,3,0
"3116",2011-11-11,4,1
"3117",2011-11-12,3,0
"3118",2011-11-13,1,0
"3119",2011-11-14,2,1
"3120",2011-11-15,7,1
"3121",2011-11-16,2,3
"3122",2011-11-17,1,1
"3123",2011-11-18,0,2
"3124",2011-11-19,6,1
"3125",2011-11-20,1,0
"3126",2011-11-21,0,1
"3127",2011-11-22,1,1
"3128",2011-11-23,0,1
"3129",2011-11-24,3,2
"3130",2011-11-25,1,0
"3131",2011-11-26,2,1
"3132",2011-11-27,0,1
"3133",2011-11-28,7,1
"3134",2011-11-30,3,0
"3135",2011-12-01,5,1
"3136",2011-12-02,1,2
"3137",2011-12-03,2,1
"3138",2011-12-04,6,0
"3139",2011-12-05,2,1
"3140",2011-12-06,8,1
"3141",2011-12-07,2,1
"3142",2011-12-08,2,0
"3143",2011-12-10,6,0
"3144",2011-12-11,1,1
"3145",2011-12-12,4,0
"3146",2011-12-13,4,0
"3147",2011-12-14,1,0
"3148",2011-12-15,2,6
"3149",2011-12-17,1,0
"3150",2011-12-18,2,0
"3151",2011-12-19,2,0
"3152",2011-12-20,1,0
"3153",2011-12-21,2,2
"3154",2011-12-22,2,1
"3155",2011-12-23,6,0
"3156",2011-12-24,2,1
"3157",2011-12-25,1,1
"3158",2011-12-27,3,1
"3159",2011-12-28,2,0
"3160",2011-12-29,1,1
"3161",2011-12-30,5,1
"3162",2011-12-31,2,1
"3163",2012-01-01,3,3
"3164",2012-01-02,3,1
"3165",2012-01-03,1,1
"3166",2012-01-04,10,1
"3167",2012-01-05,5,0
"3168",2012-01-06,1,0
"3169",2012-01-07,2,2
"3170",2012-01-08,5,0
"3171",2012-01-09,1,0
"3172",2012-01-11,0,2
"3173",2012-01-12,3,0
"3174",2012-01-13,2,0
"3175",2012-01-14,3,2
"3176",2012-01-16,3,0
"3177",2012-01-17,3,0
"3178",2012-01-18,7,0
"3179",2012-01-19,3,0
"3180",2012-01-21,0,1
"3181",2012-01-22,8,0
"3182",2012-01-23,2,0
"3183",2012-01-24,7,2
"3184",2012-01-25,5,1
"3185",2012-01-26,3,1
"3186",2012-01-27,2,0
"3187",2012-01-28,1,0
"3188",2012-01-29,4,2
"3189",2012-01-30,4,1
"3190",2012-01-31,8,1
"3191",2012-02-01,3,0
"3192",2012-02-02,2,0
"3193",2012-02-03,2,0
"3194",2012-02-04,3,0
"3195",2012-02-05,4,0
"3196",2012-02-06,4,0
"3197",2012-02-07,3,1
"3198",2012-02-08,7,1
"3199",2012-02-09,7,0
"3200",2012-02-10,2,0
"3201",2012-02-11,3,2
"3202",2012-02-12,1,0
"3203",2012-02-13,7,3
"3204",2012-02-14,4,0
"3205",2012-02-15,1,3
"3206",2012-02-16,6,1
"3207",2012-02-17,1,0
"3208",2012-02-18,5,0
"3209",2012-02-19,2,0
"3210",2012-02-20,0,1
"3211",2012-02-21,4,0
"3212",2012-02-22,7,2
"3213",2012-02-23,3,2
"3214",2012-02-24,1,1
"3215",2012-02-25,3,1
"3216",2012-02-26,3,1
"3217",2012-02-27,5,0
"3218",2012-02-28,1,4
"3219",2012-02-29,6,0
"3220",2012-03-01,2,0
"3221",2012-03-02,5,2
"3222",2012-03-03,1,2
"3223",2012-03-04,2,1
"3224",2012-03-05,1,1
"3225",2012-03-06,2,1
"3226",2012-03-07,0,2
"3227",2012-03-08,6,1
"3228",2012-03-09,7,0
"3229",2012-03-10,2,0
"3230",2012-03-11,4,2
"3231",2012-03-12,1,1
"3232",2012-03-13,2,0
"3233",2012-03-14,1,0
"3234",2012-03-15,4,0
"3235",2012-03-16,3,0
"3236",2012-03-17,2,1
"3237",2012-03-19,2,2
"3238",2012-03-20,0,1
"3239",2012-03-21,3,1
"3240",2012-03-22,8,1
"3241",2012-03-23,2,1
"3242",2012-03-24,4,0
"3243",2012-03-25,4,0
"3244",2012-03-26,2,0
"3245",2012-03-27,3,1
"3246",2012-03-28,5,0
"3247",2012-03-29,1,0
"3248",2012-03-30,0,1
"3249",2012-04-01,2,2
"3250",2012-04-02,1,1
"3251",2012-04-03,1,1
"3252",2012-04-04,1,0
"3253",2012-04-05,1,0
"3254",2012-04-06,7,0
"3255",2012-04-07,4,0
"3256",2012-04-08,1,1
"3257",2012-04-10,1,2
"3258",2012-04-12,1,2
"3259",2012-04-13,6,0
"3260",2012-04-14,3,1
"3261",2012-04-15,6,2
"3262",2012-04-16,3,1
"3263",2012-04-18,4,1
"3264",2012-04-19,5,0
"3265",2012-04-20,1,2
"3266",2012-04-21,5,0
"3267",2012-04-22,1,2
"3268",2012-04-23,1,1
"3269",2012-04-24,5,1
"3270",2012-04-25,4,0
"3271",2012-04-26,2,1
"3272",2012-04-27,0,1
"3273",2012-04-28,4,1
"3274",2012-04-30,1,0
"3275",2012-05-01,1,3
"3276",2012-05-02,1,0
"3277",2012-05-03,3,1
"3278",2012-05-04,8,2
"3279",2012-05-05,7,5
"3280",2012-05-06,8,2
"3281",2012-05-07,3,0
"3282",2012-05-08,2,0
"3283",2012-05-09,3,0
"3284",2012-05-10,2,0
"3285",2012-05-11,5,1
"3286",2012-05-12,5,1
"3287",2012-05-14,1,1
"3288",2012-05-15,1,2
"3289",2012-05-16,4,4
"3290",2012-05-17,6,1
"3291",2012-05-18,3,1
"3292",2012-05-19,1,1
"3293",2012-05-20,5,1
"3294",2012-05-21,0,3
"3295",2012-05-22,1,2
"3296",2012-05-23,0,2
"3297",2012-05-24,2,1
"3298",2012-05-25,4,0
"3299",2012-05-26,2,0
"3300",2012-05-27,5,0
"3301",2012-05-29,5,1
"3302",2012-05-31,8,0
"3303",2012-06-01,3,0
"3304",2012-06-02,2,1
"3305",2012-06-03,2,0
"3306",2012-06-05,3,0
"3307",2012-06-06,1,0
"3308",2012-06-07,2,0
"3309",2012-06-08,1,0
"3310",2012-06-10,3,1
"3311",2012-06-11,3,5
"3312",2012-06-12,6,0
"3313",2012-06-13,0,2
"3314",2012-06-14,2,2
"3315",2012-06-15,1,1
"3316",2012-06-16,0,2
"3317",2012-06-17,3,0
"3318",2012-06-19,2,1
"3319",2012-06-20,6,0
"3320",2012-06-21,1,2
"3321",2012-06-22,3,0
"3322",2012-06-23,5,2
"3323",2012-06-24,8,3
"3324",2012-06-25,8,0
"3325",2012-06-26,0,2
"3326",2012-06-27,1,2
"3327",2012-06-28,11,0
"3328",2012-06-29,7,1
"3329",2012-06-30,6,0
"3330",2012-07-01,6,0
"3331",2012-07-02,3,1
"3332",2012-07-03,7,2
"3333",2012-07-04,8,2
"3334",2012-07-05,5,1
"3335",2012-07-06,2,1
"3336",2012-07-07,3,0
"3337",2012-07-08,3,0
"3338",2012-07-09,2,1
"3339",2012-07-10,3,0
"3340",2012-07-11,4,0
"3341",2012-07-12,0,1
"3342",2012-07-13,6,1
"3343",2012-07-14,4,0
"3344",2012-07-15,1,2
"3345",2012-07-16,3,0
"3346",2012-07-17,3,0
"3347",2012-07-18,0,2
"3348",2012-07-19,5,0
"3349",2012-07-20,4,0
"3350",2012-07-21,7,0
"3351",2012-07-22,7,2
"3352",2012-07-23,0,1
"3353",2012-07-24,4,1
"3354",2012-07-25,0,1
"3355",2012-07-26,4,1
"3356",2012-07-27,3,1
"3357",2012-07-28,1,1
"3358",2012-07-29,7,0
"3359",2012-07-30,6,1
"3360",2012-07-31,7,0
"3361",2012-08-01,5,0
"3362",2012-08-02,6,2
"3363",2012-08-03,5,3
"3364",2012-08-04,1,1
"3365",2012-08-05,9,0
"3366",2012-08-06,4,0
"3367",2012-08-07,1,2
"3368",2012-08-08,1,0
"3369",2012-08-09,2,2
"3370",2012-08-10,2,0
"3371",2012-08-11,2,0
"3372",2012-08-12,1,2
"3373",2012-08-13,1,1
"3374",2012-08-14,4,1
"3375",2012-08-15,2,2
"3376",2012-08-16,3,0
"3377",2012-08-17,1,0
"3378",2012-08-18,1,0
"3379",2012-08-19,5,0
"3380",2012-08-21,7,1
"3381",2012-08-22,7,0
"3382",2012-08-23,8,2
"3383",2012-08-24,3,3
"3384",2012-08-25,0,1
"3385",2012-08-26,3,0
"3386",2012-08-27,3,0
"3387",2012-08-28,5,1
"3388",2012-08-29,7,0
"3389",2012-08-30,4,1
"3390",2012-08-31,2,0
"3391",2012-09-01,3,1
"3392",2012-09-02,3,0
"3393",2012-09-03,1,0
"3394",2012-09-04,1,0
"3395",2012-09-05,4,1
"3396",2012-09-06,7,0
"3397",2012-09-07,11,3
"3398",2012-09-08,1,3
"3399",2012-09-09,5,2
"3400",2012-09-10,6,0
"3401",2012-09-11,5,1
"3402",2012-09-12,1,1
"3403",2012-09-13,4,2
"3404",2012-09-14,3,2
"3405",2012-09-15,8,2
"3406",2012-09-17,0,1
"3407",2012-09-18,4,1
"3408",2012-09-19,3,1
"3409",2012-09-20,4,2
"3410",2012-09-21,1,0
"3411",2012-09-22,2,0
"3412",2012-09-23,4,0
"3413",2012-09-24,1,0
"3414",2012-09-25,1,0
"3415",2012-09-26,2,1
"3416",2012-09-27,1,1
"3417",2012-09-28,3,2
"3418",2012-09-29,1,0
"3419",2012-09-30,3,2
"3420",2012-10-01,6,2
"3421",2012-10-02,5,2
"3422",2012-10-03,3,5
"3423",2012-10-04,3,0
"3424",2012-10-05,2,1
"3425",2012-10-06,9,0
"3426",2012-10-07,7,1
"3427",2012-10-08,1,0
"3428",2012-10-10,3,2
"3429",2012-10-11,3,1
"3430",2012-10-12,3,1
"3431",2012-10-13,5,2
"3432",2012-10-14,1,0
"3433",2012-10-15,1,0
"3434",2012-10-16,2,1
"3435",2012-10-17,5,1
"3436",2012-10-18,7,0
"3437",2012-10-19,7,0
"3438",2012-10-20,5,0
"3439",2012-10-21,4,0
"3440",2012-10-22,0,1
"3441",2012-10-23,4,0
"3442",2012-10-24,1,5
"3443",2012-10-25,5,0
"3444",2012-10-26,5,2
"3445",2012-10-27,3,1
"3446",2012-10-28,4,0
"3447",2012-10-29,3,2
"3448",2012-10-30,3,0
"3449",2012-10-31,1,1
"3450",2012-11-01,12,2
"3451",2012-11-02,5,1
"3452",2012-11-03,4,0
"3453",2012-11-04,0,2
"3454",2012-11-05,0,1
"3455",2012-11-06,0,1
"3456",2012-11-08,1,2
"3457",2012-11-09,3,1
"3458",2012-11-10,3,1
"3459",2012-11-11,5,1
"3460",2012-11-13,3,0
"3461",2012-11-14,2,1
"3462",2012-11-15,0,1
"3463",2012-11-16,0,2
"3464",2012-11-17,4,2
"3465",2012-11-18,7,1
"3466",2012-11-19,3,2
"3467",2012-11-20,3,1
"3468",2012-11-21,4,0
"3469",2012-11-22,6,0
"3470",2012-11-23,0,2
"3471",2012-11-24,6,2
"3472",2012-11-25,6,0
"3473",2012-11-26,8,1
"3474",2012-11-27,3,1
"3475",2012-11-28,1,1
"3476",2012-11-29,3,0
"3477",2012-11-30,2,1
"3478",2012-12-01,5,2
"3479",2012-12-02,7,0
"3480",2012-12-03,1,1
"3481",2012-12-04,3,0
"3482",2012-12-05,1,0
"3483",2012-12-06,3,0
"3484",2012-12-07,3,0
"3485",2012-12-08,4,1
"3486",2012-12-09,3,0
"3487",2012-12-10,0,1
"3488",2012-12-11,1,2
"3489",2012-12-12,1,0
"3490",2012-12-13,3,0
"3491",2012-12-14,4,1
"3492",2012-12-15,3,2
"3493",2012-12-16,1,0
"3494",2012-12-17,1,1
"3495",2012-12-18,7,1
"3496",2012-12-19,8,0
"3497",2012-12-20,4,0
"3498",2012-12-21,1,0
"3499",2012-12-22,3,4
"3500",2012-12-23,2,0
"3501",2012-12-24,5,0
"3502",2012-12-25,3,0
"3503",2012-12-27,3,0
"3504",2012-12-28,2,1
"3505",2012-12-29,4,0
"3506",2012-12-30,2,1
"3507",2012-12-31,5,0
"3508",2013-01-01,7,0
"3509",2013-01-02,6,0
"3510",2013-01-03,2,1
"3511",2013-01-04,3,1
"3512",2013-01-05,8,1
"3513",2013-01-06,1,0
"3514",2013-01-07,5,0
"3515",2013-01-08,2,0
"3516",2013-01-09,2,1
"3517",2013-01-10,0,2
"3518",2013-01-11,5,0
"3519",2013-01-12,6,0
"3520",2013-01-14,3,1
"3521",2013-01-15,7,0
"3522",2013-01-16,4,0
"3523",2013-01-17,3,0
"3524",2013-01-18,5,0
"3525",2013-01-19,3,0
"3526",2013-01-20,8,0
"3527",2013-01-21,2,0
"3528",2013-01-22,3,2
"3529",2013-01-23,5,0
"3530",2013-01-24,4,0
"3531",2013-01-26,4,2
"3532",2013-01-27,3,0
"3533",2013-01-28,3,1
"3534",2013-01-29,3,1
"3535",2013-01-30,1,1
"3536",2013-01-31,2,1
"3537",2013-02-01,3,2
"3538",2013-02-02,4,3
"3539",2013-02-03,4,0
"3540",2013-02-04,5,2
"3541",2013-02-05,6,0
"3542",2013-02-06,1,1
"3543",2013-02-07,3,1
"3544",2013-02-08,0,1
"3545",2013-02-09,3,0
"3546",2013-02-11,4,1
"3547",2013-02-12,7,2
"3548",2013-02-13,0,1
"3549",2013-02-14,5,0
"3550",2013-02-16,1,1
"3551",2013-02-17,4,2
"3552",2013-02-18,2,0
"3553",2013-02-19,1,0
"3554",2013-02-20,3,0
"3555",2013-02-21,3,1
"3556",2013-02-22,4,0
"3557",2013-02-23,2,1
"3558",2013-02-24,6,0
"3559",2013-02-25,4,0
"3560",2013-02-26,1,1
"3561",2013-02-27,3,2
"3562",2013-02-28,9,0
"3563",2013-03-01,7,0
"3564",2013-03-02,4,1
"3565",2013-03-03,4,1
"3566",2013-03-04,8,1
"3567",2013-03-05,5,0
"3568",2013-03-06,1,1
"3569",2013-03-07,3,0
"3570",2013-03-08,2,0
"3571",2013-03-09,9,0
"3572",2013-03-10,3,0
"3573",2013-03-12,3,0
"3574",2013-03-13,3,1
"3575",2013-03-14,5,2
"3576",2013-03-15,4,1
"3577",2013-03-16,3,1
"3578",2013-03-17,3,1
"3579",2013-03-19,5,1
"3580",2013-03-20,6,0
"3581",2013-03-21,5,2
"3582",2013-03-22,8,2
"3583",2013-03-23,3,1
"3584",2013-03-24,5,0
"3585",2013-03-25,4,1
"3586",2013-03-26,5,0
"3587",2013-03-27,3,0
"3588",2013-03-28,3,2
"3589",2013-03-29,3,1
"3590",2013-03-30,5,0
"3591",2013-03-31,8,1
"3592",2013-04-01,6,0
"3593",2013-04-02,3,0
"3594",2013-04-03,1,1
"3595",2013-04-04,2,0
"3596",2013-04-05,4,1
"3597",2013-04-06,9,1
"3598",2013-04-07,4,1
"3599",2013-04-08,3,0
"3600",2013-04-09,4,1
"3601",2013-04-10,4,0
"3602",2013-04-11,5,0
"3603",2013-04-12,4,0
"3604",2013-04-13,4,1
"3605",2013-04-14,3,1
"3606",2013-04-15,1,0
"3607",2013-04-16,2,1
"3608",2013-04-17,1,1
"3609",2013-04-18,3,3
"3610",2013-04-19,3,0
"3611",2013-04-20,1,0
"3612",2013-04-21,8,1
"3613",2013-04-22,3,1
"3614",2013-04-23,1,2
"3615",2013-04-24,0,1
"3616",2013-04-25,3,0
"3617",2013-04-27,7,3
"3618",2013-04-28,6,1
"3619",2013-04-29,3,0
"3620",2013-04-30,1,0
"3621",2013-05-01,2,2
"3622",2013-05-02,6,1
"3623",2013-05-03,7,0
"3624",2013-05-04,4,0
"3625",2013-05-05,2,1
"3626",2013-05-06,5,0
"3627",2013-05-07,2,1
"3628",2013-05-08,5,0
"3629",2013-05-09,3,0
"3630",2013-05-10,6,0
"3631",2013-05-11,3,0
"3632",2013-05-12,2,1
"3633",2013-05-13,4,1
"3634",2013-05-14,0,1
"3635",2013-05-15,1,0
"3636",2013-05-16,4,0
"3637",2013-05-17,7,1
"3638",2013-05-18,3,1
"3639",2013-05-19,1,0
"3640",2013-05-20,6,0
"3641",2013-05-21,8,1
"3642",2013-05-22,3,0
"3643",2013-05-23,1,1
"3644",2013-05-24,2,0
"3645",2013-05-25,5,0
"3646",2013-05-26,7,2
"3647",2013-05-27,7,0
"3648",2013-05-28,4,1
"3649",2013-05-29,8,1
"3650",2013-05-31,4,1
"3651",2013-06-01,6,2
"3652",2013-06-02,6,3
"3653",2013-06-03,8,0
"3654",2013-06-04,8,0
"3655",2013-06-05,4,3
"3656",2013-06-06,0,1
"3657",2013-06-07,1,2
"3658",2013-06-08,4,0
"3659",2013-06-09,1,0
"3660",2013-06-10,1,1
"3661",2013-06-11,1,0
"3662",2013-06-12,7,1
"3663",2013-06-13,6,0
"3664",2013-06-14,2,1
"3665",2013-06-15,4,3
"3666",2013-06-16,3,0
"3667",2013-06-17,1,1
"3668",2013-06-18,1,0
"3669",2013-06-19,2,0
"3670",2013-06-20,1,0
"3671",2013-06-21,4,0
"3672",2013-06-22,1,2
"3673",2013-06-23,5,0
"3674",2013-06-24,4,0
"3675",2013-06-25,4,2
"3676",2013-06-26,1,0
"3677",2013-06-27,2,0
"3678",2013-06-28,3,0
"3679",2013-06-29,4,1
"3680",2013-06-30,9,0
"3681",2013-07-01,11,0
"3682",2013-07-02,1,1
"3683",2013-07-03,1,0
"3684",2013-07-04,5,0
"3685",2013-07-05,7,1
"3686",2013-07-06,2,2
"3687",2013-07-07,6,1
"3688",2013-07-08,2,0
"3689",2013-07-09,1,0
"3690",2013-07-10,5,1
"3691",2013-07-11,3,1
"3692",2013-07-12,6,1
"3693",2013-07-13,3,0
"3694",2013-07-14,2,1
"3695",2013-07-15,2,2
"3696",2013-07-16,8,2
"3697",2013-07-17,3,1
"3698",2013-07-18,1,0
"3699",2013-07-19,1,0
"3700",2013-07-20,2,1
"3701",2013-07-21,1,1
"3702",2013-07-22,6,0
"3703",2013-07-23,3,0
"3704",2013-07-24,4,1
"3705",2013-07-25,6,4
"3706",2013-07-26,4,0
"3707",2013-07-27,7,0
"3708",2013-07-28,1,1
"3709",2013-07-29,3,0
"3710",2013-07-30,3,0
"3711",2013-07-31,5,0
"3712",2013-08-01,3,1
"3713",2013-08-02,1,0
"3714",2013-08-03,10,0
"3715",2013-08-04,2,0
"3716",2013-08-05,2,3
"3717",2013-08-06,5,0
"3718",2013-08-07,2,0
"3719",2013-08-08,4,1
"3720",2013-08-09,4,1
"3721",2013-08-10,3,3
"3722",2013-08-11,2,1
"3723",2013-08-12,0,1
"3724",2013-08-13,1,0
"3725",2013-08-14,1,0
"3726",2013-08-15,6,0
"3727",2013-08-16,2,0
"3728",2013-08-17,4,2
"3729",2013-08-18,3,1
"3730",2013-08-19,1,0
"3731",2013-08-20,4,2
"3732",2013-08-21,7,0
"3733",2013-08-22,7,0
"3734",2013-08-23,1,0
"3735",2013-08-24,4,3
"3736",2013-08-25,1,1
"3737",2013-08-26,4,3
"3738",2013-08-27,5,0
"3739",2013-08-28,3,0
"3740",2013-08-29,5,0
"3741",2013-08-30,4,0
"3742",2013-08-31,7,0
"3743",2013-09-01,3,2
"3744",2013-09-02,3,0
"3745",2013-09-03,1,0
"3746",2013-09-05,6,0
"3747",2013-09-06,0,2
"3748",2013-09-07,7,0
"3749",2013-09-08,2,1
"3750",2013-09-09,3,0
"3751",2013-09-10,1,1
"3752",2013-09-11,3,1
"3753",2013-09-12,8,1
"3754",2013-09-14,5,0
"3755",2013-09-17,2,1
"3756",2013-09-18,2,2
"3757",2013-09-19,4,1
"3758",2013-09-20,1,1
"3759",2013-09-21,2,3
"3760",2013-09-22,2,0
"3761",2013-09-24,4,3
"3762",2013-09-25,2,0
"3763",2013-09-26,3,1
"3764",2013-09-27,5,0
"3765",2013-09-28,5,2
"3766",2013-09-29,6,0
"3767",2013-09-30,4,0
"3768",2013-10-01,4,1
"3769",2013-10-02,2,2
"3770",2013-10-03,7,0
"3771",2013-10-04,4,1
"3772",2013-10-05,3,1
"3773",2013-10-06,5,0
"3774",2013-10-07,5,1
"3775",2013-10-08,1,0
"3776",2013-10-09,2,0
"3777",2013-10-10,6,3
"3778",2013-10-11,1,0
"3779",2013-10-12,1,1
"3780",2013-10-13,2,0
"3781",2013-10-14,2,0
"3782",2013-10-15,2,0
"3783",2013-10-16,0,1
"3784",2013-10-17,6,1
"3785",2013-10-18,11,1
"3786",2013-10-19,4,3
"3787",2013-10-20,2,1
"3788",2013-10-21,0,1
"3789",2013-10-22,8,4
"3790",2013-10-23,2,0
"3791",2013-10-24,5,1
"3792",2013-10-25,3,2
"3793",2013-10-26,5,2
"3794",2013-10-27,3,0
"3795",2013-10-28,4,0
"3796",2013-10-29,7,1
"3797",2013-10-30,1,1
"3798",2013-10-31,5,0
"3799",2013-11-01,6,0
"3800",2013-11-02,3,0
"3801",2013-11-03,4,0
"3802",2013-11-04,3,1
"3803",2013-11-05,2,0
"3804",2013-11-06,5,2
"3805",2013-11-07,5,0
"3806",2013-11-08,4,1
"3807",2013-11-09,5,2
"3808",2013-11-10,4,1
"3809",2013-11-11,1,0
"3810",2013-11-12,3,2
"3811",2013-11-13,3,2
"3812",2013-11-14,2,2
"3813",2013-11-16,3,0
"3814",2013-11-17,4,1
"3815",2013-11-18,6,1
"3816",2013-11-19,4,1
"3817",2013-11-20,9,0
"3818",2013-11-21,6,1
"3819",2013-11-22,2,1
"3820",2013-11-23,2,0
"3821",2013-11-24,1,3
"3822",2013-11-25,2,0
"3823",2013-11-26,4,3
"3824",2013-11-27,2,0
"3825",2013-11-28,3,0
"3826",2013-11-29,3,0
"3827",2013-11-30,2,0
"3828",2013-12-01,6,1
"3829",2013-12-02,5,0
"3830",2013-12-03,7,2
"3831",2013-12-04,2,0
"3832",2013-12-05,8,0
"3833",2013-12-06,2,3
"3834",2013-12-07,1,0
"3835",2013-12-08,5,0
"3836",2013-12-09,3,1
"3837",2013-12-10,2,1
"3838",2013-12-11,1,1
"3839",2013-12-12,3,1
"3840",2013-12-13,1,0
"3841",2013-12-14,4,0
"3842",2013-12-15,0,1
"3843",2013-12-16,1,1
"3844",2013-12-17,7,1
"3845",2013-12-18,7,0
"3846",2013-12-19,2,1
"3847",2013-12-20,1,1
"3848",2013-12-21,9,1
"3849",2013-12-22,2,0
"3850",2013-12-23,5,1
"3851",2013-12-26,2,0
"3852",2013-12-27,2,0
"3853",2013-12-28,5,1
"3854",2013-12-29,3,0
"3855",2013-12-30,5,0
"3856",2013-12-31,3,1
"3857",2014-01-01,4,1
"3858",2014-01-02,4,1
"3859",2014-01-03,1,0
"3860",2014-01-04,10,2
"3861",2014-01-05,4,0
"3862",2014-01-06,8,0
"3863",2014-01-07,2,0
"3864",2014-01-08,5,0
"3865",2014-01-09,4,1
"3866",2014-01-11,5,1
"3867",2014-01-12,8,1
"3868",2014-01-13,7,1
"3869",2014-01-14,5,1
"3870",2014-01-15,2,2
"3871",2014-01-16,2,2
"3872",2014-01-17,0,2
"3873",2014-01-18,1,3
"3874",2014-01-19,8,2
"3875",2014-01-20,2,0
"3876",2014-01-21,4,0
"3877",2014-01-23,2,0
"3878",2014-01-24,1,1
"3879",2014-01-25,1,4
"3880",2014-01-26,7,4
"3881",2014-01-27,6,0
"3882",2014-01-28,6,1
"3883",2014-01-29,4,1
"3884",2014-01-30,2,0
"3885",2014-02-01,1,0
"3886",2014-02-02,6,0
"3887",2014-02-03,8,0
"3888",2014-02-04,8,1
"3889",2014-02-05,3,3
"3890",2014-02-06,1,1
"3891",2014-02-07,7,1
"3892",2014-02-08,2,0
"3893",2014-02-09,3,1
"3894",2014-02-10,2,0
"3895",2014-02-11,6,2
"3896",2014-02-12,6,0
"3897",2014-02-13,5,1
"3898",2014-02-15,22,0
"3899",2014-02-16,2,1
"3900",2014-02-17,7,0
"3901",2014-02-18,1,0
"3902",2014-02-19,1,0
"3903",2014-02-20,3,1
"3904",2014-02-21,2,0
"3905",2014-02-22,4,0
"3906",2014-02-23,2,3
"3907",2014-02-24,2,0
"3908",2014-02-25,3,2
"3909",2014-02-26,1,0
"3910",2014-02-27,3,1
"3911",2014-02-28,1,1
"3912",2014-03-01,0,2
"3913",2014-03-02,4,0
"3914",2014-03-03,4,0
"3915",2014-03-04,3,1
"3916",2014-03-05,7,2
"3917",2014-03-06,4,0
"3918",2014-03-07,10,2
"3919",2014-03-08,2,0
"3920",2014-03-09,1,1
"3921",2014-03-10,8,2
"3922",2014-03-11,5,0
"3923",2014-03-13,6,0
"3924",2014-03-14,3,3
"3925",2014-03-15,3,1
"3926",2014-03-16,3,1
"3927",2014-03-17,2,3
"3928",2014-03-18,4,3
"3929",2014-03-19,4,1
"3930",2014-03-20,4,1
"3931",2014-03-21,6,1
"3932",2014-03-22,2,1
"3933",2014-03-23,4,0
"3934",2014-03-24,6,1
"3935",2014-03-25,2,0
"3936",2014-03-26,7,1
"3937",2014-03-27,2,3
"3938",2014-03-28,7,0
"3939",2014-03-29,3,0
"3940",2014-03-30,1,0
"3941",2014-03-31,2,3
"3942",2014-04-01,6,0
"3943",2014-04-02,4,1
"3944",2014-04-03,2,2
"3945",2014-04-04,3,1
"3946",2014-04-05,4,1
"3947",2014-04-06,3,0
"3948",2014-04-07,2,1
"3949",2014-04-08,4,2
"3950",2014-04-09,7,1
"3951",2014-04-10,4,0
"3952",2014-04-11,4,0
"3953",2014-04-12,3,0
"3954",2014-04-13,7,0
"3955",2014-04-14,1,2
"3956",2014-04-15,0,1
"3957",2014-04-16,2,0
"3958",2014-04-17,5,1
"3959",2014-04-18,5,0
"3960",2014-04-19,3,1
"3961",2014-04-20,3,0
"3962",2014-04-21,4,2
"3963",2014-04-22,1,1
"3964",2014-04-23,1,1
"3965",2014-04-24,0,3
"3966",2014-04-25,0,1
"3967",2014-04-26,3,2
"3968",2014-04-27,5,3
"3969",2014-04-28,1,0
"3970",2014-04-29,1,3
"3971",2014-04-30,2,0
"3972",2014-05-01,4,0
"3973",2014-05-02,1,0
"3974",2014-05-03,8,0
"3975",2014-05-04,0,1
"3976",2014-05-05,4,0
"3977",2014-05-06,5,2
"3978",2014-05-07,1,2
"3979",2014-05-08,8,2
"3980",2014-05-09,2,0
"3981",2014-05-10,0,2
"3982",2014-05-11,3,1
"3983",2014-05-12,2,0
"3984",2014-05-13,7,2
"3985",2014-05-15,2,2
"3986",2014-05-16,4,0
"3987",2014-05-17,2,0
"3988",2014-05-18,1,0
"3989",2014-05-20,2,0
"3990",2014-05-21,2,1
"3991",2014-05-22,2,1
"3992",2014-05-23,4,2
"3993",2014-05-24,5,3
"3994",2014-05-25,1,1
"3995",2014-05-26,5,2
"3996",2014-05-27,2,4
"3997",2014-05-28,1,1
"3998",2014-05-29,2,0
"3999",2014-05-30,2,0
"4000",2014-05-31,4,2
"4001",2014-06-01,1,0
"4002",2014-06-02,2,2
"4003",2014-06-03,4,3
"4004",2014-06-04,8,2
"4005",2014-06-05,12,1
"4006",2014-06-06,6,2
"4007",2014-06-07,3,0
"4008",2014-06-08,5,0
"4009",2014-06-09,3,3
"4010",2014-06-10,3,2
"4011",2014-06-11,5,0
"4012",2014-06-12,3,3
"4013",2014-06-13,5,0
"4014",2014-06-14,4,2
"4015",2014-06-15,2,0
"4016",2014-06-16,0,2
"4017",2014-06-17,5,1
"4018",2014-06-18,6,2
"4019",2014-06-19,2,0
"4020",2014-06-20,6,0
"4021",2014-06-21,3,0
"4022",2014-06-22,6,0
"4023",2014-06-23,1,0
"4024",2014-06-24,4,0
"4025",2014-06-25,2,0
"4026",2014-06-26,1,4
"4027",2014-06-27,4,1
"4028",2014-06-28,7,1
"4029",2014-06-29,3,0
"4030",2014-06-30,7,4
"4031",2014-07-01,3,0
"4032",2014-07-02,8,0
"4033",2014-07-03,9,1
"4034",2014-07-04,1,3
"4035",2014-07-05,4,1
"4036",2014-07-06,1,2
"4037",2014-07-07,3,1
"4038",2014-07-08,7,0
"4039",2014-07-09,1,1
"4040",2014-07-10,4,0
"4041",2014-07-11,1,2
"4042",2014-07-12,4,2
"4043",2014-07-13,1,0
"4044",2014-07-14,3,0
"4045",2014-07-15,3,0
"4046",2014-07-16,4,0
"4047",2014-07-17,7,4
"4048",2014-07-18,5,1
"4049",2014-07-19,2,0
"4050",2014-07-20,2,1
"4051",2014-07-21,1,1
"4052",2014-07-22,3,1
"4053",2014-07-23,2,2
"4054",2014-07-24,1,1
"4055",2014-07-25,1,0
"4056",2014-07-26,2,1
"4057",2014-07-27,4,1
"4058",2014-07-28,3,2
"4059",2014-07-29,5,0
"4060",2014-07-30,2,2
"4061",2014-07-31,2,1
"4062",2014-08-01,6,0
"4063",2014-08-02,4,4
"4064",2014-08-03,3,0
"4065",2014-08-04,2,1
"4066",2014-08-05,6,1
"4067",2014-08-06,0,1
"4068",2014-08-07,4,1
"4069",2014-08-08,4,2
"4070",2014-08-09,6,1
"4071",2014-08-10,3,3
"4072",2014-08-11,7,3
"4073",2014-08-12,3,0
"4074",2014-08-13,10,2
"4075",2014-08-14,3,2
"4076",2014-08-15,2,1
"4077",2014-08-16,2,1
"4078",2014-08-17,3,0
"4079",2014-08-18,2,0
"4080",2014-08-19,0,2
"4081",2014-08-20,6,0
"4082",2014-08-21,5,1
"4083",2014-08-22,2,1
"4084",2014-08-23,3,1
"4085",2014-08-24,3,1
"4086",2014-08-26,1,0
"4087",2014-08-27,6,2
"4088",2014-08-28,4,0
"4089",2014-08-29,2,1
"4090",2014-08-30,4,1
"4091",2014-08-31,4,0
"4092",2014-09-01,6,3
"4093",2014-09-02,2,2
"4094",2014-09-03,4,1
"4095",2014-09-04,4,0
"4096",2014-09-05,2,3
"4097",2014-09-06,3,0
"4098",2014-09-07,1,0
"4099",2014-09-08,1,1
"4100",2014-09-10,8,0
"4101",2014-09-11,2,2
"4102",2014-09-12,3,1
"4103",2014-09-13,6,1
"4104",2014-09-14,3,1
"4105",2014-09-16,4,1
"4106",2014-09-17,3,2
"4107",2014-09-18,6,1
"4108",2014-09-19,8,2
"4109",2014-09-20,7,3
"4110",2014-09-21,2,1
"4111",2014-09-22,2,3
"4112",2014-09-23,3,1
"4113",2014-09-24,3,1
"4114",2014-09-25,4,1
"4115",2014-09-26,0,1
"4116",2014-09-27,6,0
"4117",2014-09-28,3,1
"4118",2014-09-29,9,0
"4119",2014-09-30,0,1
"4120",2014-10-01,2,0
"4121",2014-10-02,1,2
"4122",2014-10-03,7,1
"4123",2014-10-04,3,3
"4124",2014-10-05,3,0
"4125",2014-10-06,4,1
"4126",2014-10-07,7,0
"4127",2014-10-08,2,0
"4128",2014-10-09,5,1
"4129",2014-10-10,2,0
"4130",2014-10-11,1,1
"4131",2014-10-12,0,1
"4132",2014-10-13,1,0
"4133",2014-10-14,3,1
"4134",2014-10-15,0,1
"4135",2014-10-16,2,0
"4136",2014-10-17,4,5
"4137",2014-10-18,2,0
"4138",2014-10-19,3,1
"4139",2014-10-20,4,0
"4140",2014-10-21,1,0
"4141",2014-10-22,1,1
"4142",2014-10-24,6,0
"4143",2014-10-25,4,1
"4144",2014-10-26,4,1
"4145",2014-10-27,2,1
"4146",2014-10-28,4,1
"4147",2014-10-29,0,2
"4148",2014-10-30,5,2
"4149",2014-10-31,3,0
"4150",2014-11-01,12,1
"4151",2014-11-02,3,0
"4152",2014-11-03,5,2
"4153",2014-11-04,2,1
"4154",2014-11-05,3,1
"4155",2014-11-06,3,3
"4156",2014-11-07,5,2
"4157",2014-11-08,2,2
"4158",2014-11-09,2,0
"4159",2014-11-10,5,3
"4160",2014-11-11,3,2
"4161",2014-11-12,3,0
"4162",2014-11-13,0,2
"4163",2014-11-14,8,0
"4164",2014-11-15,2,0
"4165",2014-11-16,2,1
"4166",2014-11-17,6,0
"4167",2014-11-18,0,1
"4168",2014-11-19,4,0
"4169",2014-11-20,2,2
"4170",2014-11-21,1,0
"4171",2014-11-22,5,0
"4172",2014-11-23,3,0
"4173",2014-11-24,2,0
"4174",2014-11-26,1,0
"4175",2014-11-27,2,0
"4176",2014-11-28,2,0
"4177",2014-11-29,3,6
"4178",2014-11-30,4,0
"4179",2014-12-01,3,0
"4180",2014-12-02,4,1
"4181",2014-12-03,2,1
"4182",2014-12-04,4,1
"4183",2014-12-05,6,1
"4184",2014-12-06,1,2
"4185",2014-12-07,2,3
"4186",2014-12-08,1,0
"4187",2014-12-09,0,2
"4188",2014-12-10,3,4
"4189",2014-12-11,5,2
"4190",2014-12-12,2,0
"4191",2014-12-13,2,1
"4192",2014-12-14,1,1
"4193",2014-12-15,1,1
"4194",2014-12-16,1,1
"4195",2014-12-17,4,0
"4196",2014-12-18,1,0
"4197",2014-12-19,1,0
"4198",2014-12-20,1,2
"4199",2014-12-21,2,1
"4200",2014-12-22,2,0
"4201",2014-12-23,1,1
"4202",2014-12-24,4,0
"4203",2014-12-25,0,1
"4204",2014-12-26,1,1
"4205",2014-12-27,4,0
"4206",2014-12-28,2,1
"4207",2014-12-29,3,1
"4208",2014-12-30,4,2
"4209",2014-12-31,3,2
"4210",2015-01-01,8,2
"4211",2015-01-02,1,0
"4212",2015-01-03,3,0
"4213",2015-01-04,3,0
"4214",2015-01-05,4,1
"4215",2015-01-06,5,1
"4216",2015-01-08,4,1
"4217",2015-01-09,2,0
"4218",2015-01-10,4,2
"4219",2015-01-11,5,1
"4220",2015-01-12,2,1
"4221",2015-01-13,6,2
"4222",2015-01-14,5,1
"4223",2015-01-15,9,1
"4224",2015-01-16,7,1
"4225",2015-01-17,8,1
"4226",2015-01-18,0,1
"4227",2015-01-19,2,0
"4228",2015-01-20,2,0
"4229",2015-01-21,6,2
"4230",2015-01-22,3,1
"4231",2015-01-23,3,1
"4232",2015-01-24,4,2
"4233",2015-01-25,3,1
"4234",2015-01-27,3,2
"4235",2015-01-28,0,2
"4236",2015-01-29,5,4
"4237",2015-01-30,5,1
"4238",2015-01-31,9,0
"4239",2015-02-01,0,1
"4240",2015-02-02,3,3
"4241",2015-02-03,5,3
"4242",2015-02-04,3,0
"4243",2015-02-05,13,4
"4244",2015-02-06,3,1
"4245",2015-02-07,1,0
"4246",2015-02-08,0,1
"4247",2015-02-09,3,0
"4248",2015-02-10,3,1
"4249",2015-02-11,1,1
"4250",2015-02-12,5,2
"4251",2015-02-13,4,1
"4252",2015-02-14,2,2
"4253",2015-02-15,6,2
"4254",2015-02-16,3,2
"4255",2015-02-17,2,0
"4256",2015-02-18,1,3
"4257",2015-02-19,3,2
"4258",2015-02-20,4,1
"4259",2015-02-21,2,1
"4260",2015-02-22,7,0
"4261",2015-02-23,5,0
"4262",2015-02-24,1,1
"4263",2015-02-25,1,0
"4264",2015-02-26,10,0
"4265",2015-02-27,7,3
"4266",2015-02-28,3,1
"4267",2015-03-01,7,1
"4268",2015-03-02,4,3
"4269",2015-03-03,3,2
"4270",2015-03-04,2,1
"4271",2015-03-05,1,1
"4272",2015-03-06,5,1
"4273",2015-03-07,1,3
"4274",2015-03-08,4,1
"4275",2015-03-09,7,2
"4276",2015-03-10,0,2
"4277",2015-03-11,4,0
"4278",2015-03-12,2,1
"4279",2015-03-13,3,2
"4280",2015-03-14,5,1
"4281",2015-03-15,1,1
"4282",2015-03-16,3,1
"4283",2015-03-17,2,1
"4284",2015-03-18,4,1
"4285",2015-03-19,1,0
"4286",2015-03-20,3,2
"4287",2015-03-21,7,0
"4288",2015-03-22,8,2
"4289",2015-03-23,6,2
"4290",2015-03-24,1,0
"4291",2015-03-25,2,2
"4292",2015-03-26,8,0
"4293",2015-03-27,3,5
"4294",2015-03-28,1,0
"4295",2015-03-29,4,3
"4296",2015-03-30,1,1
"4297",2015-03-31,0,1
"4298",2015-04-01,1,0
"4299",2015-04-02,4,0
"4300",2015-04-03,3,1
"4301",2015-04-04,4,2
"4302",2015-04-05,5,0
"4303",2015-04-06,2,2
"4304",2015-04-07,5,2
"4305",2015-04-08,2,1
"4306",2015-04-09,5,1
"4307",2015-04-10,2,1
"4308",2015-04-11,5,2
"4309",2015-04-12,2,1
"4310",2015-04-13,2,3
"4311",2015-04-14,1,3
"4312",2015-04-15,2,1
"4313",2015-04-16,4,5
"4314",2015-04-17,7,1
"4315",2015-04-18,2,2
"4316",2015-04-19,4,2
"4317",2015-04-20,9,0
"4318",2015-04-21,3,1
"4319",2015-04-22,3,1
"4320",2015-04-23,8,1
"4321",2015-04-24,3,2
"4322",2015-04-25,2,1
"4323",2015-04-26,3,1
"4324",2015-04-27,1,0
"4325",2015-04-28,3,1
"4326",2015-04-29,1,2
"4327",2015-04-30,2,2
"4328",2015-05-01,2,0
"4329",2015-05-02,4,0
"4330",2015-05-03,4,1
"4331",2015-05-04,4,1
"4332",2015-05-05,2,1
"4333",2015-05-06,3,2
"4334",2015-05-07,1,0
"4335",2015-05-08,6,2
"4336",2015-05-10,4,0
"4337",2015-05-11,1,1
"4338",2015-05-12,8,1
"4339",2015-05-13,0,2
"4340",2015-05-14,0,3
"4341",2015-05-15,2,4
"4342",2015-05-16,3,3
"4343",2015-05-17,1,1
"4344",2015-05-18,3,2
"4345",2015-05-19,2,1
"4346",2015-05-20,6,4
"4347",2015-05-21,3,3
"4348",2015-05-22,2,0
"4349",2015-05-23,4,2
"4350",2015-05-24,2,4
"4351",2015-05-25,1,0
"4352",2015-05-27,2,1
"4353",2015-05-28,3,0
"4354",2015-05-29,1,2
"4355",2015-05-30,4,2
"4356",2015-05-31,1,2
"4357",2015-06-01,2,1
"4358",2015-06-02,3,0
"4359",2015-06-03,1,1
"4360",2015-06-04,4,1
"4361",2015-06-05,0,1
"4362",2015-06-06,6,1
"4363",2015-06-07,0,1
"4364",2015-06-08,3,1
"4365",2015-06-09,4,1
"4366",2015-06-10,7,0
"4367",2015-06-11,4,0
"4368",2015-06-12,2,2
"4369",2015-06-13,7,1
"4370",2015-06-14,1,0
"4371",2015-06-15,3,0
"4372",2015-06-16,2,1
"4373",2015-06-17,1,0
"4374",2015-06-18,2,1
"4375",2015-06-19,0,1
"4376",2015-06-20,1,0
"4377",2015-06-21,7,0
"4378",2015-06-22,3,1
"4379",2015-06-23,3,0
"4380",2015-06-24,2,1
"4381",2015-06-25,6,1
"4382",2015-06-26,2,0
"4383",2015-06-27,1,2
"4384",2015-06-28,9,2
"4385",2015-06-29,4,2
"4386",2015-06-30,3,1
"4387",2015-07-01,2,0
"4388",2015-07-02,4,0
"4389",2015-07-03,3,2
"4390",2015-07-04,8,1
"4391",2015-07-05,8,2
"4392",2015-07-06,2,2
"4393",2015-07-07,1,1
"4394",2015-07-08,6,0
"4395",2015-07-09,1,0
"4396",2015-07-10,4,1
"4397",2015-07-11,3,0
"4398",2015-07-12,0,2
"4399",2015-07-13,4,0
"4400",2015-07-14,4,0
"4401",2015-07-15,5,3
"4402",2015-07-16,6,1
"4403",2015-07-17,1,1
"4404",2015-07-18,3,1
"4405",2015-07-19,0,1
"4406",2015-07-20,5,0
"4407",2015-07-21,10,1
"4408",2015-07-22,1,2
"4409",2015-07-23,4,0
"4410",2015-07-24,3,0
"4411",2015-07-25,3,4
"4412",2015-07-26,7,1
"4413",2015-07-27,1,1
"4414",2015-07-28,4,0
"4415",2015-07-29,5,2
"4416",2015-07-30,5,0
"4417",2015-07-31,0,1
"4418",2015-08-01,5,0
"4419",2015-08-02,10,1
"4420",2015-08-03,5,1
"4421",2015-08-04,8,3
"4422",2015-08-05,4,1
"4423",2015-08-06,6,1
"4424",2015-08-07,3,2
"4425",2015-08-08,4,2
"4426",2015-08-09,3,1
"4427",2015-08-10,1,0
"4428",2015-08-11,3,3
"4429",2015-08-12,1,1
"4430",2015-08-13,5,3
"4431",2015-08-14,4,2
"4432",2015-08-15,8,0
"4433",2015-08-16,1,0
"4434",2015-08-17,2,0
"4435",2015-08-18,4,1
"4436",2015-08-19,0,1
"4437",2015-08-20,5,2
"4438",2015-08-21,3,0
"4439",2015-08-22,5,0
"4440",2015-08-23,4,0
"4441",2015-08-24,8,1
"4442",2015-08-25,7,1
"4443",2015-08-26,6,2
"4444",2015-08-27,8,1
"4445",2015-08-28,1,1
"4446",2015-08-29,4,0
"4447",2015-08-30,4,1
"4448",2015-08-31,4,1
"4449",2015-09-01,5,0
"4450",2015-09-02,2,1
"4451",2015-09-03,4,0
"4452",2015-09-04,7,0
"4453",2015-09-05,3,3
"4454",2015-09-06,3,0
"4455",2015-09-08,2,2
"4456",2015-09-09,7,1
"4457",2015-09-10,0,1
"4458",2015-09-11,8,2
"4459",2015-09-12,2,0
"4460",2015-09-13,2,0
"4461",2015-09-14,2,1
"4462",2015-09-15,7,2
"4463",2015-09-16,1,1
"4464",2015-09-17,3,1
"4465",2015-09-18,1,1
"4466",2015-09-19,2,1
"4467",2015-09-20,8,1
"4468",2015-09-21,2,2
"4469",2015-09-22,1,0
"4470",2015-09-23,0,3
"4471",2015-09-24,2,1
"4472",2015-09-25,3,2
"4473",2015-09-26,4,0
"4474",2015-09-27,4,1
"4475",2015-09-28,3,0
"4476",2015-09-29,2,3
"4477",2015-09-30,3,1
"4478",2015-10-01,10,1
"4479",2015-10-02,3,0
"4480",2015-10-03,4,2
"4481",2015-10-04,2,1
"4482",2015-10-05,4,0
"4483",2015-10-06,8,0
"4484",2015-10-07,3,1
"4485",2015-10-08,5,2
"4486",2015-10-09,1,1
"4487",2015-10-10,1,1
"4488",2015-10-11,6,0
"4489",2015-10-12,3,1
"4490",2015-10-13,5,0
"4491",2015-10-14,3,1
"4492",2015-10-15,1,0
"4493",2015-10-16,3,2
"4494",2015-10-17,4,0
"4495",2015-10-19,1,1
"4496",2015-10-20,5,0
"4497",2015-10-21,6,1
"4498",2015-10-22,0,3
"4499",2015-10-23,7,2
"4500",2015-10-24,11,4
"4501",2015-10-25,2,0
"4502",2015-10-26,5,4
"4503",2015-10-27,5,0
"4504",2015-10-28,3,0
"4505",2015-10-29,1,0
"4506",2015-10-30,6,0
"4507",2015-10-31,7,0
"4508",2015-11-01,1,2
"4509",2015-11-02,3,0
"4510",2015-11-03,2,0
"4511",2015-11-04,7,0
"4512",2015-11-05,2,3
"4513",2015-11-06,7,1
"4514",2015-11-08,1,0
"4515",2015-11-09,0,1
"4516",2015-11-10,1,0
"4517",2015-11-11,4,0
"4518",2015-11-12,3,1
"4519",2015-11-13,4,0
"4520",2015-11-14,2,0
"4521",2015-11-15,1,1
"4522",2015-11-16,1,1
"4523",2015-11-17,9,0
"4524",2015-11-18,5,0
"4525",2015-11-19,7,2
"4526",2015-11-20,7,1
"4527",2015-11-21,2,0
"4528",2015-11-22,2,2
"4529",2015-11-23,4,0
"4530",2015-11-25,1,0
"4531",2015-11-26,1,2
"4532",2015-11-27,1,2
"4533",2015-11-28,1,5
"4534",2015-11-30,10,1
"4535",2015-12-01,4,1
"4536",2015-12-02,4,0
"4537",2015-12-03,3,2
"4538",2015-12-04,1,2
"4539",2015-12-05,5,5
"4540",2015-12-06,1,1
"4541",2015-12-07,2,2
"4542",2015-12-08,2,0
"4543",2015-12-09,3,1
"4544",2015-12-10,6,2
"4545",2015-12-11,1,1
"4546",2015-12-12,5,0
"4547",2015-12-13,0,2
"4548",2015-12-14,0,1
"4549",2015-12-15,1,1
